source,relation,target
PDF - 2020-X-ray-User-Authorized-List,mentions_topic,EHS Topic - Radiation Safety
PDF - 2020-X-ray-User-Authorized-List,mentions_topic,EHS Topic - Training and Forms
2020-X-ray-User-Authorized-List.pdf,converted_to,PDF - 2020-X-ray-User-Authorized-List
PDF - 3M-1804-1804S-Instructions,mentions_topic,EHS Topic - PPE
PDF - 3M-1804-1804S-Instructions,mentions_topic,EHS Topic - Training and Forms
3M-1804-1804S-Instructions.pdf,converted_to,PDF - 3M-1804-1804S-Instructions
PDF - 3M-1860-1860S-Instructions,mentions_topic,EHS Topic - PPE
PDF - 3M-1860-1860S-Instructions,mentions_topic,EHS Topic - Laboratory Operations
PDF - 3M-1860-1860S-Instructions,mentions_topic,EHS Topic - Training and Forms
3M-1860-1860S-Instructions.pdf,converted_to,PDF - 3M-1860-1860S-Instructions
PDF - 3M-8210_8110S-User-Instructions,mentions_topic,EHS Topic - Biosafety
PDF - 3M-8210_8110S-User-Instructions,mentions_topic,EHS Topic - PPE
PDF - 3M-8210_8110S-User-Instructions,mentions_topic,EHS Topic - Occupational Hygiene
PDF - 3M-8210_8110S-User-Instructions,mentions_topic,EHS Topic - Laboratory Operations
PDF - 3M-8210_8110S-User-Instructions,mentions_topic,EHS Topic - Training and Forms
3M-8210_8110S-User-Instructions.pdf,converted_to,PDF - 3M-8210_8110S-User-Instructions
PDF - 3M-8511-instructions,mentions_topic,EHS Topic - Biosafety
PDF - 3M-8511-instructions,mentions_topic,EHS Topic - PPE
PDF - 3M-8511-instructions,mentions_topic,EHS Topic - Occupational Hygiene
PDF - 3M-8511-instructions,mentions_topic,EHS Topic - Laboratory Operations
PDF - 3M-8511-instructions,mentions_topic,EHS Topic - Training and Forms
3M-8511-instructions.pdf,converted_to,PDF - 3M-8511-instructions
PDF - 3M-9105-9105S-instructions,mentions_topic,EHS Topic - Biosafety
PDF - 3M-9105-9105S-instructions,mentions_topic,EHS Topic - PPE
PDF - 3M-9105-9105S-instructions,mentions_topic,EHS Topic - Occupational Hygiene
PDF - 3M-9105-9105S-instructions,mentions_topic,EHS Topic - Laboratory Operations
PDF - 3M-9105-9105S-instructions,mentions_topic,EHS Topic - Training and Forms
3M-9105-9105S-instructions.pdf,converted_to,PDF - 3M-9105-9105S-instructions
PDF - 3M-Aura-1870-Instructions,mentions_topic,EHS Topic - PPE
PDF - 3M-Aura-1870-Instructions,mentions_topic,EHS Topic - Training and Forms
3M-Aura-1870-Instructions.pdf,converted_to,PDF - 3M-Aura-1870-Instructions
PDF - 3M-aura-9210-instructions,mentions_topic,EHS Topic - PPE
3M-aura-9210-instructions.pdf,converted_to,PDF - 3M-aura-9210-instructions
PDF - 3M-Full-Face-Respirator-Instructions,mentions_topic,EHS Topic - PPE
PDF - 3M-Full-Face-Respirator-Instructions,mentions_topic,EHS Topic - Training and Forms
3M-Full-Face-Respirator-Instructions.pdf,converted_to,PDF - 3M-Full-Face-Respirator-Instructions
PDF - 3M-half-facepiece-instructions,mentions_topic,EHS Topic - PPE
PDF - 3M-half-facepiece-instructions,mentions_topic,EHS Topic - Training and Forms
3M-half-facepiece-instructions.pdf,converted_to,PDF - 3M-half-facepiece-instructions
PDF - 3M_Selection-Guide,mentions_topic,EHS Topic - PPE
3M_Selection-Guide.pdf,converted_to,PDF - 3M_Selection-Guide
PDF - AAC-membership-Nov-2021-for-website,mentions_topic,EHS Topic - Hazardous Waste
PDF - AAC-membership-Nov-2021-for-website,mentions_topic,EHS Topic - Occupational Hygiene
AAC-membership-Nov-2021-for-website.pdf,converted_to,PDF - AAC-membership-Nov-2021-for-website
PDF - AppA_CSDecisionTree20170707,mentions_topic,EHS Topic - PPE
PDF - AppA_CSDecisionTree20170707,mentions_topic,EHS Topic - Occupational Hygiene
AppA_CSDecisionTree20170707.pdf,converted_to,PDF - AppA_CSDecisionTree20170707
PDF - AppB-F_ConfinedSpaceSOPs-20161102,mentions_topic,EHS Topic - Biosafety
PDF - AppB-F_ConfinedSpaceSOPs-20161102,mentions_topic,EHS Topic - Chemical Safety
PDF - AppB-F_ConfinedSpaceSOPs-20161102,mentions_topic,EHS Topic - Hazardous Waste
PDF - AppB-F_ConfinedSpaceSOPs-20161102,mentions_topic,EHS Topic - PPE
PDF - AppB-F_ConfinedSpaceSOPs-20161102,mentions_topic,EHS Topic - Occupational Hygiene
PDF - AppB-F_ConfinedSpaceSOPs-20161102,mentions_topic,EHS Topic - Emergency and Spill Response
PDF - AppB-F_ConfinedSpaceSOPs-20161102,mentions_topic,EHS Topic - Laboratory Operations
PDF - AppB-F_ConfinedSpaceSOPs-20161102,mentions_topic,EHS Topic - Training and Forms
AppB-F_ConfinedSpaceSOPs-20161102.pdf,converted_to,PDF - AppB-F_ConfinedSpaceSOPs-20161102
PDF - Appendix-A_University-of-Toronto-Firearms-in-Research-Guidelines,mentions_topic,EHS Topic - PPE
PDF - Appendix-A_University-of-Toronto-Firearms-in-Research-Guidelines,mentions_topic,EHS Topic - Laboratory Operations
PDF - Appendix-A_University-of-Toronto-Firearms-in-Research-Guidelines,mentions_topic,EHS Topic - Training and Forms
Appendix-A_University-of-Toronto-Firearms-in-Research-Guidelines.pdf,converted_to,PDF - Appendix-A_University-of-Toronto-Firearms-in-Research-Guidelines
PDF - Appendix-IV-Required-Info-Waste-Info,mentions_topic,EHS Topic - Biosafety
PDF - Appendix-IV-Required-Info-Waste-Info,mentions_topic,EHS Topic - Hazardous Waste
PDF - Appendix-IV-Required-Info-Waste-Info,mentions_topic,EHS Topic - PPE
PDF - Appendix-IV-Required-Info-Waste-Info,mentions_topic,EHS Topic - Laboratory Operations
PDF - Appendix-IV-Required-Info-Waste-Info,mentions_topic,EHS Topic - Training and Forms
Appendix-IV-Required-Info-Waste-Info.pdf,converted_to,PDF - Appendix-IV-Required-Info-Waste-Info
PDF - AppG-J-ConfinedSpace-Forms20170821,mentions_topic,EHS Topic - PPE
PDF - AppG-J-ConfinedSpace-Forms20170821,mentions_topic,EHS Topic - Occupational Hygiene
PDF - AppG-J-ConfinedSpace-Forms20170821,mentions_topic,EHS Topic - Training and Forms
AppG-J-ConfinedSpace-Forms20170821.pdf,converted_to,PDF - AppG-J-ConfinedSpace-Forms20170821
PDF - Asbestos-Awareness-Guide-June-2016,mentions_topic,EHS Topic - Chemical Safety
PDF - Asbestos-Awareness-Guide-June-2016,mentions_topic,EHS Topic - Hazardous Waste
PDF - Asbestos-Awareness-Guide-June-2016,mentions_topic,EHS Topic - Occupational Hygiene
PDF - Asbestos-Awareness-Guide-June-2016,mentions_topic,EHS Topic - Laboratory Operations
PDF - Asbestos-Awareness-Guide-June-2016,mentions_topic,EHS Topic - Training and Forms
Asbestos-Awareness-Guide-June-2016.pdf,converted_to,PDF - Asbestos-Awareness-Guide-June-2016
PDF - Asbestos-Management-Policy,mentions_topic,EHS Topic - Chemical Safety
PDF - Asbestos-Management-Policy,mentions_topic,EHS Topic - Hazardous Waste
PDF - Asbestos-Management-Policy,mentions_topic,EHS Topic - Occupational Hygiene
PDF - Asbestos-Management-Policy,mentions_topic,EHS Topic - Laboratory Operations
PDF - Asbestos-Management-Policy,mentions_topic,EHS Topic - Training and Forms
Asbestos-Management-Policy.pdf,converted_to,PDF - Asbestos-Management-Policy
PDF - asbestos-poster,mentions_topic,EHS Topic - Occupational Hygiene
asbestos-poster.pdf,converted_to,PDF - asbestos-poster
PDF - Asbestos-Respiratory-Protection-Summary,mentions_topic,EHS Topic - PPE
PDF - Asbestos-Respiratory-Protection-Summary,mentions_topic,EHS Topic - Occupational Hygiene
PDF - Asbestos-Respiratory-Protection-Summary,mentions_topic,EHS Topic - Laboratory Operations
Asbestos-Respiratory-Protection-Summary.pdf,converted_to,PDF - Asbestos-Respiratory-Protection-Summary
PDF - Asbestos_Bulk_Sampling_Requirements,mentions_topic,EHS Topic - PPE
PDF - Asbestos_Bulk_Sampling_Requirements,mentions_topic,EHS Topic - Occupational Hygiene
PDF - Asbestos_Bulk_Sampling_Requirements,mentions_topic,EHS Topic - Laboratory Operations
Asbestos_Bulk_Sampling_Requirements.pdf,converted_to,PDF - Asbestos_Bulk_Sampling_Requirements
PDF - AsbestosManagementProgram20190409,mentions_topic,EHS Topic - Hazardous Waste
PDF - AsbestosManagementProgram20190409,mentions_topic,EHS Topic - Occupational Hygiene
PDF - AsbestosManagementProgram20190409,mentions_topic,EHS Topic - Laboratory Operations
PDF - AsbestosManagementProgram20190409,mentions_topic,EHS Topic - Training and Forms
AsbestosManagementProgram20190409.pdf,converted_to,PDF - AsbestosManagementProgram20190409
PDF - Assessment-for-Dual-Use-Subform-Level-1-2,mentions_topic,EHS Topic - Biosafety
PDF - Assessment-for-Dual-Use-Subform-Level-1-2,mentions_topic,EHS Topic - Laboratory Operations
PDF - Assessment-for-Dual-Use-Subform-Level-1-2,mentions_topic,EHS Topic - Training and Forms
Assessment-for-Dual-Use-Subform-Level-1-2.pdf,converted_to,PDF - Assessment-for-Dual-Use-Subform-Level-1-2
PDF - Autoclave-SOP,mentions_topic,EHS Topic - Biosafety
PDF - Autoclave-SOP,mentions_topic,EHS Topic - Chemical Safety
PDF - Autoclave-SOP,mentions_topic,EHS Topic - PPE
PDF - Autoclave-SOP,mentions_topic,EHS Topic - Emergency and Spill Response
PDF - Autoclave-SOP,mentions_topic,EHS Topic - Laboratory Operations
PDF - Autoclave-SOP,mentions_topic,EHS Topic - Training and Forms
Autoclave-SOP.pdf,converted_to,PDF - Autoclave-SOP
PDF - Avoid-Contaminating-the-Building,mentions_topic,EHS Topic - PPE
PDF - Avoid-Contaminating-the-Building,mentions_topic,EHS Topic - Laboratory Operations
PDF - Avoid-Contaminating-the-Building,mentions_topic,EHS Topic - Training and Forms
Avoid-Contaminating-the-Building.pdf,converted_to,PDF - Avoid-Contaminating-the-Building
PDF - Baking-and-Cooking,mentions_topic,EHS Topic - Chemical Safety
PDF - Baking-and-Cooking,mentions_topic,EHS Topic - Occupational Hygiene
PDF - Baking-and-Cooking,mentions_topic,EHS Topic - Emergency and Spill Response
PDF - Baking-and-Cooking,mentions_topic,EHS Topic - Training and Forms
Baking-and-Cooking.pdf,converted_to,PDF - Baking-and-Cooking
PDF - Bed-Bug-Procedure-Updated.doc,mentions_topic,EHS Topic - Hazardous Waste
PDF - Bed-Bug-Procedure-Updated.doc,mentions_topic,EHS Topic - PPE
PDF - Bed-Bug-Procedure-Updated.doc,mentions_topic,EHS Topic - Laboratory Operations
PDF - Bed-Bug-Procedure-Updated.doc,mentions_topic,EHS Topic - Training and Forms
Bed-Bug-Procedure-Updated.doc.pdf,converted_to,PDF - Bed-Bug-Procedure-Updated.doc
PDF - Board-of-Laser-Safety,mentions_topic,EHS Topic - Laser Safety
PDF - Board-of-Laser-Safety,mentions_topic,EHS Topic - Training and Forms
Board-of-Laser-Safety.pdf,converted_to,PDF - Board-of-Laser-Safety
PDF - BSC-Failure-or-Alarm-Poster,mentions_topic,EHS Topic - Hazardous Waste
PDF - BSC-Failure-or-Alarm-Poster,mentions_topic,EHS Topic - PPE
BSC-Failure-or-Alarm-Poster.pdf,converted_to,PDF - BSC-Failure-or-Alarm-Poster
PDF - Bucket-List-Poster,mentions_topic,EHS Topic - Biosafety
PDF - Bucket-List-Poster,mentions_topic,EHS Topic - Chemical Safety
PDF - Bucket-List-Poster,mentions_topic,EHS Topic - Hazardous Waste
PDF - Bucket-List-Poster,mentions_topic,EHS Topic - Radiation Safety
PDF - Bucket-List-Poster,mentions_topic,EHS Topic - PPE
PDF - Bucket-List-Poster,mentions_topic,EHS Topic - Laboratory Operations
Bucket-List-Poster.pdf,converted_to,PDF - Bucket-List-Poster
PDF - Chemical-Storage-Flowchart,mentions_topic,EHS Topic - Chemical Safety
PDF - Chemical-Storage-Flowchart,mentions_topic,EHS Topic - Hazardous Waste
PDF - Chemical-Storage-Flowchart,mentions_topic,EHS Topic - PPE
PDF - Chemical-Storage-Flowchart,mentions_topic,EHS Topic - Laboratory Operations
PDF - Chemical-Storage-Flowchart,mentions_topic,EHS Topic - Training and Forms
Chemical-Storage-Flowchart.pdf,converted_to,PDF - Chemical-Storage-Flowchart
PDF - Chemical-Storage-Table-Updated,mentions_topic,EHS Topic - Chemical Safety
PDF - Chemical-Storage-Table-Updated,mentions_topic,EHS Topic - Emergency and Spill Response
Chemical-Storage-Table-Updated.pdf,converted_to,PDF - Chemical-Storage-Table-Updated
PDF - Chemical-transport-secondary-containment,mentions_topic,EHS Topic - Chemical Safety
PDF - Chemical-transport-secondary-containment,mentions_topic,EHS Topic - Hazardous Waste
PDF - Chemical-transport-secondary-containment,mentions_topic,EHS Topic - PPE
PDF - Chemical-transport-secondary-containment,mentions_topic,EHS Topic - Emergency and Spill Response
PDF - Chemical-transport-secondary-containment,mentions_topic,EHS Topic - Laboratory Operations
PDF - Chemical-transport-secondary-containment,mentions_topic,EHS Topic - Training and Forms
Chemical-transport-secondary-containment.pdf,converted_to,PDF - Chemical-transport-secondary-containment
PDF - Cleaning-Bird-and-Animal-Urine-Feces-and-Nesting-Areas,mentions_topic,EHS Topic - Chemical Safety
PDF - Cleaning-Bird-and-Animal-Urine-Feces-and-Nesting-Areas,mentions_topic,EHS Topic - PPE
PDF - Cleaning-Bird-and-Animal-Urine-Feces-and-Nesting-Areas,mentions_topic,EHS Topic - Laboratory Operations
PDF - Cleaning-Bird-and-Animal-Urine-Feces-and-Nesting-Areas,mentions_topic,EHS Topic - Training and Forms
Cleaning-Bird-and-Animal-Urine-Feces-and-Nesting-Areas.pdf,converted_to,PDF - Cleaning-Bird-and-Animal-Urine-Feces-and-Nesting-Areas
PDF - Cleanup-of-Laboratory-Surfaces-Contaminated-with-Ethidium-Bromide-Updated,mentions_topic,EHS Topic - Chemical Safety
PDF - Cleanup-of-Laboratory-Surfaces-Contaminated-with-Ethidium-Bromide-Updated,mentions_topic,EHS Topic - Hazardous Waste
PDF - Cleanup-of-Laboratory-Surfaces-Contaminated-with-Ethidium-Bromide-Updated,mentions_topic,EHS Topic - PPE
PDF - Cleanup-of-Laboratory-Surfaces-Contaminated-with-Ethidium-Bromide-Updated,mentions_topic,EHS Topic - Laboratory Operations
Cleanup-of-Laboratory-Surfaces-Contaminated-with-Ethidium-Bromide-Updated.pdf,converted_to,PDF - Cleanup-of-Laboratory-Surfaces-Contaminated-with-Ethidium-Bromide-Updated
PDF - Cold-Stress,mentions_topic,EHS Topic - Radiation Safety
PDF - Cold-Stress,mentions_topic,EHS Topic - PPE
PDF - Cold-Stress,mentions_topic,EHS Topic - Occupational Hygiene
PDF - Cold-Stress,mentions_topic,EHS Topic - Training and Forms
Cold-Stress.pdf,converted_to,PDF - Cold-Stress
PDF - Compressed-gas-safety-standard-November-2021,mentions_topic,EHS Topic - Chemical Safety
PDF - Compressed-gas-safety-standard-November-2021,mentions_topic,EHS Topic - PPE
PDF - Compressed-gas-safety-standard-November-2021,mentions_topic,EHS Topic - Emergency and Spill Response
PDF - Compressed-gas-safety-standard-November-2021,mentions_topic,EHS Topic - Laboratory Operations
PDF - Compressed-gas-safety-standard-November-2021,mentions_topic,EHS Topic - Training and Forms
Compressed-gas-safety-standard-November-2021.pdf,converted_to,PDF - Compressed-gas-safety-standard-November-2021
PDF - confinedspaceprogram-20170707,mentions_topic,EHS Topic - Chemical Safety
PDF - confinedspaceprogram-20170707,mentions_topic,EHS Topic - PPE
PDF - confinedspaceprogram-20170707,mentions_topic,EHS Topic - Occupational Hygiene
PDF - confinedspaceprogram-20170707,mentions_topic,EHS Topic - Laboratory Operations
PDF - confinedspaceprogram-20170707,mentions_topic,EHS Topic - Training and Forms
confinedspaceprogram-20170707.pdf,converted_to,PDF - confinedspaceprogram-20170707
PDF - contamination-survey-Updated,mentions_topic,EHS Topic - Radiation Safety
PDF - contamination-survey-Updated,mentions_topic,EHS Topic - Laboratory Operations
contamination-survey-Updated.pdf,converted_to,PDF - contamination-survey-Updated
PDF - Control-Program-for-Liquid-Cryogenic-Transfer-Facilities,mentions_topic,EHS Topic - Hazardous Waste
PDF - Control-Program-for-Liquid-Cryogenic-Transfer-Facilities,mentions_topic,EHS Topic - PPE
PDF - Control-Program-for-Liquid-Cryogenic-Transfer-Facilities,mentions_topic,EHS Topic - Laboratory Operations
PDF - Control-Program-for-Liquid-Cryogenic-Transfer-Facilities,mentions_topic,EHS Topic - Training and Forms
Control-Program-for-Liquid-Cryogenic-Transfer-Facilities.pdf,converted_to,PDF - Control-Program-for-Liquid-Cryogenic-Transfer-Facilities
PDF - Crystalline-Silica-Procedures-September-2016,mentions_topic,EHS Topic - Hazardous Waste
PDF - Crystalline-Silica-Procedures-September-2016,mentions_topic,EHS Topic - Laboratory Operations
PDF - Crystalline-Silica-Procedures-September-2016,mentions_topic,EHS Topic - Training and Forms
Crystalline-Silica-Procedures-September-2016.pdf,converted_to,PDF - Crystalline-Silica-Procedures-September-2016
PDF - Decommissioning-form-for-Biological-agents,mentions_topic,EHS Topic - Biosafety
PDF - Decommissioning-form-for-Biological-agents,mentions_topic,EHS Topic - Chemical Safety
PDF - Decommissioning-form-for-Biological-agents,mentions_topic,EHS Topic - Hazardous Waste
PDF - Decommissioning-form-for-Biological-agents,mentions_topic,EHS Topic - Radiation Safety
PDF - Decommissioning-form-for-Biological-agents,mentions_topic,EHS Topic - Emergency and Spill Response
PDF - Decommissioning-form-for-Biological-agents,mentions_topic,EHS Topic - Laboratory Operations
PDF - Decommissioning-form-for-Biological-agents,mentions_topic,EHS Topic - Training and Forms
Decommissioning-form-for-Biological-agents.pdf,converted_to,PDF - Decommissioning-form-for-Biological-agents
PDF - Do-not-Eat-the-Chemicals-You-Work-With,mentions_topic,EHS Topic - Chemical Safety
PDF - Do-not-Eat-the-Chemicals-You-Work-With,mentions_topic,EHS Topic - Training and Forms
Do-not-Eat-the-Chemicals-You-Work-With.pdf,converted_to,PDF - Do-not-Eat-the-Chemicals-You-Work-With
PDF - Dont-Be-On-The-Wrong-Side-Of-Safety-Poster,mentions_topic,EHS Topic - Biosafety
PDF - Dont-Be-On-The-Wrong-Side-Of-Safety-Poster,mentions_topic,EHS Topic - Chemical Safety
PDF - Dont-Be-On-The-Wrong-Side-Of-Safety-Poster,mentions_topic,EHS Topic - Hazardous Waste
PDF - Dont-Be-On-The-Wrong-Side-Of-Safety-Poster,mentions_topic,EHS Topic - PPE
PDF - Dont-Be-On-The-Wrong-Side-Of-Safety-Poster,mentions_topic,EHS Topic - Emergency and Spill Response
PDF - Dont-Be-On-The-Wrong-Side-Of-Safety-Poster,mentions_topic,EHS Topic - Laboratory Operations
PDF - Dont-Be-On-The-Wrong-Side-Of-Safety-Poster,mentions_topic,EHS Topic - Training and Forms
Dont-Be-On-The-Wrong-Side-Of-Safety-Poster.pdf,converted_to,PDF - Dont-Be-On-The-Wrong-Side-Of-Safety-Poster
PDF - Dosimeter-Application-Form-Jan-2025,mentions_topic,EHS Topic - Radiation Safety
PDF - Dosimeter-Application-Form-Jan-2025,mentions_topic,EHS Topic - Training and Forms
Dosimeter-Application-Form-Jan-2025.pdf,converted_to,PDF - Dosimeter-Application-Form-Jan-2025
PDF - Doxorubicin,mentions_topic,EHS Topic - Biosafety
PDF - Doxorubicin,mentions_topic,EHS Topic - Chemical Safety
PDF - Doxorubicin,mentions_topic,EHS Topic - PPE
PDF - Doxorubicin,mentions_topic,EHS Topic - Laboratory Operations
Doxorubicin.pdf,converted_to,PDF - Doxorubicin
PDF - Dress-for-the-Occasion-Poster,mentions_topic,EHS Topic - Biosafety
PDF - Dress-for-the-Occasion-Poster,mentions_topic,EHS Topic - Chemical Safety
PDF - Dress-for-the-Occasion-Poster,mentions_topic,EHS Topic - PPE
PDF - Dress-for-the-Occasion-Poster,mentions_topic,EHS Topic - Laboratory Operations
PDF - Dress-for-the-Occasion-Poster,mentions_topic,EHS Topic - Training and Forms
Dress-for-the-Occasion-Poster.pdf,converted_to,PDF - Dress-for-the-Occasion-Poster
PDF - EHS-EPS-Emergency-Contacts-St.-George-Campus-1,mentions_topic,EHS Topic - Biosafety
PDF - EHS-EPS-Emergency-Contacts-St.-George-Campus-1,mentions_topic,EHS Topic - Chemical Safety
PDF - EHS-EPS-Emergency-Contacts-St.-George-Campus-1,mentions_topic,EHS Topic - Radiation Safety
PDF - EHS-EPS-Emergency-Contacts-St.-George-Campus-1,mentions_topic,EHS Topic - Emergency and Spill Response
EHS-EPS-Emergency-Contacts-St.-George-Campus-1.pdf,converted_to,PDF - EHS-EPS-Emergency-Contacts-St.-George-Campus-1
PDF - EHS-Radon-Testing-Procedures_Nov-2025,mentions_topic,EHS Topic - Radiation Safety
PDF - EHS-Radon-Testing-Procedures_Nov-2025,mentions_topic,EHS Topic - Occupational Hygiene
PDF - EHS-Radon-Testing-Procedures_Nov-2025,mentions_topic,EHS Topic - Training and Forms
EHS-Radon-Testing-Procedures_Nov-2025.pdf,converted_to,PDF - EHS-Radon-Testing-Procedures_Nov-2025
PDF - EHS-Respirator-Fit-Testing-Procedures,mentions_topic,EHS Topic - PPE
PDF - EHS-Respirator-Fit-Testing-Procedures,mentions_topic,EHS Topic - Laboratory Operations
PDF - EHS-Respirator-Fit-Testing-Procedures,mentions_topic,EHS Topic - Training and Forms
EHS-Respirator-Fit-Testing-Procedures.pdf,converted_to,PDF - EHS-Respirator-Fit-Testing-Procedures
PDF - EHS_LadderInspectionTag,mentions_topic,EHS Topic - PPE
PDF - EHS_LadderInspectionTag,mentions_topic,EHS Topic - Laboratory Operations
PDF - EHS_LadderInspectionTag,mentions_topic,EHS Topic - Training and Forms
EHS_LadderInspectionTag.pdf,converted_to,PDF - EHS_LadderInspectionTag
PDF - EHSConsiderations_Makerspace,mentions_topic,EHS Topic - Chemical Safety
PDF - EHSConsiderations_Makerspace,mentions_topic,EHS Topic - Hazardous Waste
PDF - EHSConsiderations_Makerspace,mentions_topic,EHS Topic - PPE
PDF - EHSConsiderations_Makerspace,mentions_topic,EHS Topic - Occupational Hygiene
PDF - EHSConsiderations_Makerspace,mentions_topic,EHS Topic - Laboratory Operations
EHSConsiderations_Makerspace.pdf,converted_to,PDF - EHSConsiderations_Makerspace
PDF - Electrical-Equipment-Guidance,mentions_topic,EHS Topic - Laboratory Operations
PDF - Electrical-Equipment-Guidance,mentions_topic,EHS Topic - Training and Forms
Electrical-Equipment-Guidance.pdf,converted_to,PDF - Electrical-Equipment-Guidance
PDF - Emergency-Eyewash-and-Shower-Std,mentions_topic,EHS Topic - Biosafety
PDF - Emergency-Eyewash-and-Shower-Std,mentions_topic,EHS Topic - Chemical Safety
PDF - Emergency-Eyewash-and-Shower-Std,mentions_topic,EHS Topic - Hazardous Waste
PDF - Emergency-Eyewash-and-Shower-Std,mentions_topic,EHS Topic - Emergency and Spill Response
PDF - Emergency-Eyewash-and-Shower-Std,mentions_topic,EHS Topic - Laboratory Operations
PDF - Emergency-Eyewash-and-Shower-Std,mentions_topic,EHS Topic - Training and Forms
Emergency-Eyewash-and-Shower-Std.pdf,converted_to,PDF - Emergency-Eyewash-and-Shower-Std
PDF - EPS-Chemical-Waste-Label-June-2021,mentions_topic,EHS Topic - Chemical Safety
PDF - EPS-Chemical-Waste-Label-June-2021,mentions_topic,EHS Topic - Hazardous Waste
PDF - EPS-Chemical-Waste-Label-June-2021,mentions_topic,EHS Topic - Laboratory Operations
EPS-Chemical-Waste-Label-June-2021.pdf,converted_to,PDF - EPS-Chemical-Waste-Label-June-2021
PDF - EPS-Handout,mentions_topic,EHS Topic - Chemical Safety
PDF - EPS-Handout,mentions_topic,EHS Topic - Hazardous Waste
PDF - EPS-Handout,mentions_topic,EHS Topic - Radiation Safety
PDF - EPS-Handout,mentions_topic,EHS Topic - Emergency and Spill Response
PDF - EPS-Handout,mentions_topic,EHS Topic - Laboratory Operations
PDF - EPS-Handout,mentions_topic,EHS Topic - Training and Forms
EPS-Handout.pdf,converted_to,PDF - EPS-Handout
PDF - EPS-Spill-Handout,mentions_topic,EHS Topic - Chemical Safety
PDF - EPS-Spill-Handout,mentions_topic,EHS Topic - Hazardous Waste
PDF - EPS-Spill-Handout,mentions_topic,EHS Topic - PPE
PDF - EPS-Spill-Handout,mentions_topic,EHS Topic - Emergency and Spill Response
PDF - EPS-Spill-Handout,mentions_topic,EHS Topic - Laboratory Operations
PDF - EPS-Spill-Handout,mentions_topic,EHS Topic - Training and Forms
EPS-Spill-Handout.pdf,converted_to,PDF - EPS-Spill-Handout
PDF - Equipment-Checklist,mentions_topic,EHS Topic - Hazardous Waste
PDF - Equipment-Checklist,mentions_topic,EHS Topic - PPE
PDF - Equipment-Checklist,mentions_topic,EHS Topic - Occupational Hygiene
PDF - Equipment-Checklist,mentions_topic,EHS Topic - Laboratory Operations
PDF - Equipment-Checklist,mentions_topic,EHS Topic - Training and Forms
Equipment-Checklist.pdf,converted_to,PDF - Equipment-Checklist
PDF - External-Contractors-Form,mentions_topic,EHS Topic - Laser Safety
PDF - External-Contractors-Form,mentions_topic,EHS Topic - PPE
PDF - External-Contractors-Form,mentions_topic,EHS Topic - Emergency and Spill Response
PDF - External-Contractors-Form,mentions_topic,EHS Topic - Laboratory Operations
PDF - External-Contractors-Form,mentions_topic,EHS Topic - Training and Forms
External-Contractors-Form.pdf,converted_to,PDF - External-Contractors-Form
PDF - Eye-Protection-Standard,mentions_topic,EHS Topic - Chemical Safety
PDF - Eye-Protection-Standard,mentions_topic,EHS Topic - PPE
PDF - Eye-Protection-Standard,mentions_topic,EHS Topic - Laboratory Operations
PDF - Eye-Protection-Standard,mentions_topic,EHS Topic - Training and Forms
Eye-Protection-Standard.pdf,converted_to,PDF - Eye-Protection-Standard
PDF - Eyewash-and-Shower-Needs-Assessment-Flowchart,mentions_topic,EHS Topic - Biosafety
PDF - Eyewash-and-Shower-Needs-Assessment-Flowchart,mentions_topic,EHS Topic - Chemical Safety
PDF - Eyewash-and-Shower-Needs-Assessment-Flowchart,mentions_topic,EHS Topic - Emergency and Spill Response
PDF - Eyewash-and-Shower-Needs-Assessment-Flowchart,mentions_topic,EHS Topic - Laboratory Operations
PDF - Eyewash-and-Shower-Needs-Assessment-Flowchart,mentions_topic,EHS Topic - Training and Forms
Eyewash-and-Shower-Needs-Assessment-Flowchart.pdf,converted_to,PDF - Eyewash-and-Shower-Needs-Assessment-Flowchart
PDF - FAChecklistCSAZ1220-17_May2022,mentions_topic,EHS Topic - Hazardous Waste
PDF - FAChecklistCSAZ1220-17_May2022,mentions_topic,EHS Topic - PPE
PDF - FAChecklistCSAZ1220-17_May2022,mentions_topic,EHS Topic - Emergency and Spill Response
PDF - FAChecklistCSAZ1220-17_May2022,mentions_topic,EHS Topic - Laboratory Operations
PDF - FAChecklistCSAZ1220-17_May2022,mentions_topic,EHS Topic - Training and Forms
FAChecklistCSAZ1220-17_May2022.pdf,converted_to,PDF - FAChecklistCSAZ1220-17_May2022
PDF - First-Aid-Program,mentions_topic,EHS Topic - Emergency and Spill Response
PDF - First-Aid-Program,mentions_topic,EHS Topic - Training and Forms
First-Aid-Program.pdf,converted_to,PDF - First-Aid-Program
PDF - First-Aid-Treatment-Log,mentions_topic,EHS Topic - PPE
PDF - First-Aid-Treatment-Log,mentions_topic,EHS Topic - Emergency and Spill Response
PDF - First-Aid-Treatment-Log,mentions_topic,EHS Topic - Training and Forms
First-Aid-Treatment-Log.pdf,converted_to,PDF - First-Aid-Treatment-Log
PDF - First-Aiders_guidance,mentions_topic,EHS Topic - PPE
PDF - First-Aiders_guidance,mentions_topic,EHS Topic - Emergency and Spill Response
PDF - First-Aiders_guidance,mentions_topic,EHS Topic - Laboratory Operations
PDF - First-Aiders_guidance,mentions_topic,EHS Topic - Training and Forms
First-Aiders_guidance.pdf,converted_to,PDF - First-Aiders_guidance
PDF - First_Aid_Checklist_nov2016-Updated,mentions_topic,EHS Topic - PPE
PDF - First_Aid_Checklist_nov2016-Updated,mentions_topic,EHS Topic - Emergency and Spill Response
PDF - First_Aid_Checklist_nov2016-Updated,mentions_topic,EHS Topic - Training and Forms
First_Aid_Checklist_nov2016-Updated.pdf,converted_to,PDF - First_Aid_Checklist_nov2016-Updated
PDF - FSMemoChangestoWorkspace,mentions_topic,EHS Topic - Occupational Hygiene
PDF - FSMemoChangestoWorkspace,mentions_topic,EHS Topic - Laboratory Operations
PDF - FSMemoChangestoWorkspace,mentions_topic,EHS Topic - Training and Forms
FSMemoChangestoWorkspace.pdf,converted_to,PDF - FSMemoChangestoWorkspace
PDF - Fume-Hoods-03-Design-Standard_November-2018,mentions_topic,EHS Topic - Chemical Safety
PDF - Fume-Hoods-03-Design-Standard_November-2018,mentions_topic,EHS Topic - Hazardous Waste
PDF - Fume-Hoods-03-Design-Standard_November-2018,mentions_topic,EHS Topic - Laboratory Operations
PDF - Fume-Hoods-03-Design-Standard_November-2018,mentions_topic,EHS Topic - Training and Forms
Fume-Hoods-03-Design-Standard_November-2018.pdf,converted_to,PDF - Fume-Hoods-03-Design-Standard_November-2018
PDF - Fume-Hoods-05-User-Guidelines-Updated,mentions_topic,EHS Topic - Chemical Safety
PDF - Fume-Hoods-05-User-Guidelines-Updated,mentions_topic,EHS Topic - Laboratory Operations
PDF - Fume-Hoods-05-User-Guidelines-Updated,mentions_topic,EHS Topic - Training and Forms
Fume-Hoods-05-User-Guidelines-Updated.pdf,converted_to,PDF - Fume-Hoods-05-User-Guidelines-Updated
PDF - Generic-Lab-Emergency-Contact-List_Fillable-PDF,mentions_topic,EHS Topic - Biosafety
PDF - Generic-Lab-Emergency-Contact-List_Fillable-PDF,mentions_topic,EHS Topic - Chemical Safety
PDF - Generic-Lab-Emergency-Contact-List_Fillable-PDF,mentions_topic,EHS Topic - Emergency and Spill Response
PDF - Generic-Lab-Emergency-Contact-List_Fillable-PDF,mentions_topic,EHS Topic - Laboratory Operations
PDF - Generic-Lab-Emergency-Contact-List_Fillable-PDF,mentions_topic,EHS Topic - Training and Forms
Generic-Lab-Emergency-Contact-List_Fillable-PDF.pdf,converted_to,PDF - Generic-Lab-Emergency-Contact-List_Fillable-PDF
PDF - GroundsHandbook2017_20170105,mentions_topic,EHS Topic - Hazardous Waste
PDF - GroundsHandbook2017_20170105,mentions_topic,EHS Topic - Emergency and Spill Response
GroundsHandbook2017_20170105.pdf,converted_to,PDF - GroundsHandbook2017_20170105
PDF - Guidance-on-Communication-Systems-for-Summoning-Emergency-Response,mentions_topic,EHS Topic - Emergency and Spill Response
PDF - Guidance-on-Communication-Systems-for-Summoning-Emergency-Response,mentions_topic,EHS Topic - Laboratory Operations
PDF - Guidance-on-Communication-Systems-for-Summoning-Emergency-Response,mentions_topic,EHS Topic - Training and Forms
Guidance-on-Communication-Systems-for-Summoning-Emergency-Response.pdf,converted_to,PDF - Guidance-on-Communication-Systems-for-Summoning-Emergency-Response
PDF - Guide-for-Completing-the-Level-1-and-2-Biosafety-Permit,mentions_topic,EHS Topic - Biosafety
PDF - Guide-for-Completing-the-Level-1-and-2-Biosafety-Permit,mentions_topic,EHS Topic - PPE
PDF - Guide-for-Completing-the-Level-1-and-2-Biosafety-Permit,mentions_topic,EHS Topic - Emergency and Spill Response
PDF - Guide-for-Completing-the-Level-1-and-2-Biosafety-Permit,mentions_topic,EHS Topic - Laboratory Operations
PDF - Guide-for-Completing-the-Level-1-and-2-Biosafety-Permit,mentions_topic,EHS Topic - Training and Forms
Guide-for-Completing-the-Level-1-and-2-Biosafety-Permit.pdf,converted_to,PDF - Guide-for-Completing-the-Level-1-and-2-Biosafety-Permit
PDF - Guide-to-Filling-the-Level-1-and-2-Amendment-July-28,mentions_topic,EHS Topic - Biosafety
PDF - Guide-to-Filling-the-Level-1-and-2-Amendment-July-28,mentions_topic,EHS Topic - Emergency and Spill Response
PDF - Guide-to-Filling-the-Level-1-and-2-Amendment-July-28,mentions_topic,EHS Topic - Laboratory Operations
PDF - Guide-to-Filling-the-Level-1-and-2-Amendment-July-28,mentions_topic,EHS Topic - Training and Forms
Guide-to-Filling-the-Level-1-and-2-Amendment-July-28.pdf,converted_to,PDF - Guide-to-Filling-the-Level-1-and-2-Amendment-July-28
PDF - Guideline-Biosafety-Manual-and-Emergency-Response-Plan-for-Level-1-Permits,mentions_topic,EHS Topic - Biosafety
PDF - Guideline-Biosafety-Manual-and-Emergency-Response-Plan-for-Level-1-Permits,mentions_topic,EHS Topic - Emergency and Spill Response
PDF - Guideline-Biosafety-Manual-and-Emergency-Response-Plan-for-Level-1-Permits,mentions_topic,EHS Topic - Laboratory Operations
PDF - Guideline-Biosafety-Manual-and-Emergency-Response-Plan-for-Level-1-Permits,mentions_topic,EHS Topic - Training and Forms
Guideline-Biosafety-Manual-and-Emergency-Response-Plan-for-Level-1-Permits.pdf,converted_to,PDF - Guideline-Biosafety-Manual-and-Emergency-Response-Plan-for-Level-1-Permits
PDF - Guideline-Biosafety-Manual-and-Emergency-Response-Plan-for-Level-2-Permits-1,mentions_topic,EHS Topic - Biosafety
PDF - Guideline-Biosafety-Manual-and-Emergency-Response-Plan-for-Level-2-Permits-1,mentions_topic,EHS Topic - PPE
PDF - Guideline-Biosafety-Manual-and-Emergency-Response-Plan-for-Level-2-Permits-1,mentions_topic,EHS Topic - Emergency and Spill Response
PDF - Guideline-Biosafety-Manual-and-Emergency-Response-Plan-for-Level-2-Permits-1,mentions_topic,EHS Topic - Laboratory Operations
PDF - Guideline-Biosafety-Manual-and-Emergency-Response-Plan-for-Level-2-Permits-1,mentions_topic,EHS Topic - Training and Forms
Guideline-Biosafety-Manual-and-Emergency-Response-Plan-for-Level-2-Permits-1.pdf,converted_to,PDF - Guideline-Biosafety-Manual-and-Emergency-Response-Plan-for-Level-2-Permits-1
PDF - Guideline-Operational-Practices-Level-2-Biosafety-Permits,mentions_topic,EHS Topic - Biosafety
PDF - Guideline-Operational-Practices-Level-2-Biosafety-Permits,mentions_topic,EHS Topic - Hazardous Waste
PDF - Guideline-Operational-Practices-Level-2-Biosafety-Permits,mentions_topic,EHS Topic - PPE
PDF - Guideline-Operational-Practices-Level-2-Biosafety-Permits,mentions_topic,EHS Topic - Emergency and Spill Response
PDF - Guideline-Operational-Practices-Level-2-Biosafety-Permits,mentions_topic,EHS Topic - Laboratory Operations
PDF - Guideline-Operational-Practices-Level-2-Biosafety-Permits,mentions_topic,EHS Topic - Training and Forms
Guideline-Operational-Practices-Level-2-Biosafety-Permits.pdf,converted_to,PDF - Guideline-Operational-Practices-Level-2-Biosafety-Permits
PDF - Guidelines-for-Laboratory-Closure-June-2016,mentions_topic,EHS Topic - Biosafety
PDF - Guidelines-for-Laboratory-Closure-June-2016,mentions_topic,EHS Topic - Chemical Safety
PDF - Guidelines-for-Laboratory-Closure-June-2016,mentions_topic,EHS Topic - Hazardous Waste
PDF - Guidelines-for-Laboratory-Closure-June-2016,mentions_topic,EHS Topic - Radiation Safety
PDF - Guidelines-for-Laboratory-Closure-June-2016,mentions_topic,EHS Topic - Laboratory Operations
PDF - Guidelines-for-Laboratory-Closure-June-2016,mentions_topic,EHS Topic - Training and Forms
Guidelines-for-Laboratory-Closure-June-2016.pdf,converted_to,PDF - Guidelines-for-Laboratory-Closure-June-2016
PDF - Guidelines-for-Purchasing-Modifying-and-Transferring-Laser-Products,mentions_topic,EHS Topic - Radiation Safety
PDF - Guidelines-for-Purchasing-Modifying-and-Transferring-Laser-Products,mentions_topic,EHS Topic - Laser Safety
PDF - Guidelines-for-Purchasing-Modifying-and-Transferring-Laser-Products,mentions_topic,EHS Topic - Laboratory Operations
PDF - Guidelines-for-Purchasing-Modifying-and-Transferring-Laser-Products,mentions_topic,EHS Topic - Training and Forms
Guidelines-for-Purchasing-Modifying-and-Transferring-Laser-Products.pdf,converted_to,PDF - Guidelines-for-Purchasing-Modifying-and-Transferring-Laser-Products
PDF - Guidelines-for-the-use-of-Carcinogens-and-Teratogens-in-Small-Quantities-February-2020,mentions_topic,EHS Topic - Biosafety
PDF - Guidelines-for-the-use-of-Carcinogens-and-Teratogens-in-Small-Quantities-February-2020,mentions_topic,EHS Topic - Chemical Safety
PDF - Guidelines-for-the-use-of-Carcinogens-and-Teratogens-in-Small-Quantities-February-2020,mentions_topic,EHS Topic - Hazardous Waste
PDF - Guidelines-for-the-use-of-Carcinogens-and-Teratogens-in-Small-Quantities-February-2020,mentions_topic,EHS Topic - PPE
PDF - Guidelines-for-the-use-of-Carcinogens-and-Teratogens-in-Small-Quantities-February-2020,mentions_topic,EHS Topic - Emergency and Spill Response
PDF - Guidelines-for-the-use-of-Carcinogens-and-Teratogens-in-Small-Quantities-February-2020,mentions_topic,EHS Topic - Laboratory Operations
PDF - Guidelines-for-the-use-of-Carcinogens-and-Teratogens-in-Small-Quantities-February-2020,mentions_topic,EHS Topic - Training and Forms
Guidelines-for-the-use-of-Carcinogens-and-Teratogens-in-Small-Quantities-February-2020.pdf,converted_to,PDF - Guidelines-for-the-use-of-Carcinogens-and-Teratogens-in-Small-Quantities-February-2020
PDF - Guidelines-for-Working-in-Loading-Docks,mentions_topic,EHS Topic - Emergency and Spill Response
PDF - Guidelines-for-Working-in-Loading-Docks,mentions_topic,EHS Topic - Laboratory Operations
PDF - Guidelines-for-Working-in-Loading-Docks,mentions_topic,EHS Topic - Training and Forms
Guidelines-for-Working-in-Loading-Docks.pdf,converted_to,PDF - Guidelines-for-Working-in-Loading-Docks
PDF - Guidelines-on-Unattended-Autonomous-Experiments-in-the-Laboratory,mentions_topic,EHS Topic - Chemical Safety
PDF - Guidelines-on-Unattended-Autonomous-Experiments-in-the-Laboratory,mentions_topic,EHS Topic - Hazardous Waste
PDF - Guidelines-on-Unattended-Autonomous-Experiments-in-the-Laboratory,mentions_topic,EHS Topic - Emergency and Spill Response
PDF - Guidelines-on-Unattended-Autonomous-Experiments-in-the-Laboratory,mentions_topic,EHS Topic - Laboratory Operations
PDF - Guidelines-on-Unattended-Autonomous-Experiments-in-the-Laboratory,mentions_topic,EHS Topic - Training and Forms
Guidelines-on-Unattended-Autonomous-Experiments-in-the-Laboratory.pdf,converted_to,PDF - Guidelines-on-Unattended-Autonomous-Experiments-in-the-Laboratory
PDF - Guidelines-on-University-Built-Equipment-March-2025-Ver-1.3,mentions_topic,EHS Topic - PPE
PDF - Guidelines-on-University-Built-Equipment-March-2025-Ver-1.3,mentions_topic,EHS Topic - Laboratory Operations
PDF - Guidelines-on-University-Built-Equipment-March-2025-Ver-1.3,mentions_topic,EHS Topic - Training and Forms
Guidelines-on-University-Built-Equipment-March-2025-Ver-1.3.pdf,converted_to,PDF - Guidelines-on-University-Built-Equipment-March-2025-Ver-1.3
PDF - Guidelines-on-Working-Alone-in-the-Laboratory,mentions_topic,EHS Topic - Biosafety
PDF - Guidelines-on-Working-Alone-in-the-Laboratory,mentions_topic,EHS Topic - Chemical Safety
PDF - Guidelines-on-Working-Alone-in-the-Laboratory,mentions_topic,EHS Topic - Hazardous Waste
PDF - Guidelines-on-Working-Alone-in-the-Laboratory,mentions_topic,EHS Topic - Laboratory Operations
Guidelines-on-Working-Alone-in-the-Laboratory.pdf,converted_to,PDF - Guidelines-on-Working-Alone-in-the-Laboratory
PDF - Guidelines-on-Working-With-Nanomaterials-Feb-2020,mentions_topic,EHS Topic - Chemical Safety
PDF - Guidelines-on-Working-With-Nanomaterials-Feb-2020,mentions_topic,EHS Topic - Laboratory Operations
PDF - Guidelines-on-Working-With-Nanomaterials-Feb-2020,mentions_topic,EHS Topic - Training and Forms
Guidelines-on-Working-With-Nanomaterials-Feb-2020.pdf,converted_to,PDF - Guidelines-on-Working-With-Nanomaterials-Feb-2020
PDF - Hand-Protection-Gloves,mentions_topic,EHS Topic - Chemical Safety
PDF - Hand-Protection-Gloves,mentions_topic,EHS Topic - PPE
PDF - Hand-Protection-Gloves,mentions_topic,EHS Topic - Emergency and Spill Response
PDF - Hand-Protection-Gloves,mentions_topic,EHS Topic - Laboratory Operations
PDF - Hand-Protection-Gloves,mentions_topic,EHS Topic - Training and Forms
Hand-Protection-Gloves.pdf,converted_to,PDF - Hand-Protection-Gloves
PDF - Handling-and-using-Piranha-Solution-Updated,mentions_topic,EHS Topic - Chemical Safety
PDF - Handling-and-using-Piranha-Solution-Updated,mentions_topic,EHS Topic - Hazardous Waste
PDF - Handling-and-using-Piranha-Solution-Updated,mentions_topic,EHS Topic - PPE
PDF - Handling-and-using-Piranha-Solution-Updated,mentions_topic,EHS Topic - Emergency and Spill Response
PDF - Handling-and-using-Piranha-Solution-Updated,mentions_topic,EHS Topic - Laboratory Operations
PDF - Handling-and-using-Piranha-Solution-Updated,mentions_topic,EHS Topic - Training and Forms
Handling-and-using-Piranha-Solution-Updated.pdf,converted_to,PDF - Handling-and-using-Piranha-Solution-Updated
PDF - Head-Protection,mentions_topic,EHS Topic - Hazardous Waste
PDF - Head-Protection,mentions_topic,EHS Topic - PPE
PDF - Head-Protection,mentions_topic,EHS Topic - Laboratory Operations
PDF - Head-Protection,mentions_topic,EHS Topic - Training and Forms
Head-Protection.pdf,converted_to,PDF - Head-Protection
PDF - heat-stress-deadly-poster,mentions_topic,EHS Topic - PPE
PDF - heat-stress-deadly-poster,mentions_topic,EHS Topic - Occupational Hygiene
heat-stress-deadly-poster.pdf,converted_to,PDF - heat-stress-deadly-poster
PDF - Heat-Stress,mentions_topic,EHS Topic - Radiation Safety
PDF - Heat-Stress,mentions_topic,EHS Topic - PPE
PDF - Heat-Stress,mentions_topic,EHS Topic - Occupational Hygiene
PDF - Heat-Stress,mentions_topic,EHS Topic - Laboratory Operations
PDF - Heat-Stress,mentions_topic,EHS Topic - Training and Forms
Heat-Stress.pdf,converted_to,PDF - Heat-Stress
PDF - Hechmet-VIM-User-Guide_2025,mentions_topic,EHS Topic - Chemical Safety
PDF - Hechmet-VIM-User-Guide_2025,mentions_topic,EHS Topic - Hazardous Waste
PDF - Hechmet-VIM-User-Guide_2025,mentions_topic,EHS Topic - Laboratory Operations
PDF - Hechmet-VIM-User-Guide_2025,mentions_topic,EHS Topic - Training and Forms
Hechmet-VIM-User-Guide_2025.pdf,converted_to,PDF - Hechmet-VIM-User-Guide_2025
PDF - HF-First-Aid-Report-Form,mentions_topic,EHS Topic - Chemical Safety
PDF - HF-First-Aid-Report-Form,mentions_topic,EHS Topic - Emergency and Spill Response
PDF - HF-First-Aid-Report-Form,mentions_topic,EHS Topic - Training and Forms
HF-First-Aid-Report-Form.pdf,converted_to,PDF - HF-First-Aid-Report-Form
PDF - HF-Triage-Envelope,mentions_topic,EHS Topic - Chemical Safety
PDF - HF-Triage-Envelope,mentions_topic,EHS Topic - PPE
HF-Triage-Envelope.pdf,converted_to,PDF - HF-Triage-Envelope
PDF - HF-Triage-Letter,mentions_topic,EHS Topic - Chemical Safety
PDF - HF-Triage-Letter,mentions_topic,EHS Topic - Emergency and Spill Response
PDF - HF-Triage-Letter,mentions_topic,EHS Topic - Laboratory Operations
HF-Triage-Letter.pdf,converted_to,PDF - HF-Triage-Letter
PDF - HighHazardChemicalPermitRegistrationForm,mentions_topic,EHS Topic - Chemical Safety
PDF - HighHazardChemicalPermitRegistrationForm,mentions_topic,EHS Topic - Emergency and Spill Response
PDF - HighHazardChemicalPermitRegistrationForm,mentions_topic,EHS Topic - Training and Forms
HighHazardChemicalPermitRegistrationForm.pdf,converted_to,PDF - HighHazardChemicalPermitRegistrationForm
PDF - Honeywell-North-Primair-700-Series-Instruction-Manual,mentions_topic,EHS Topic - Chemical Safety
PDF - Honeywell-North-Primair-700-Series-Instruction-Manual,mentions_topic,EHS Topic - PPE
PDF - Honeywell-North-Primair-700-Series-Instruction-Manual,mentions_topic,EHS Topic - Laboratory Operations
PDF - Honeywell-North-Primair-700-Series-Instruction-Manual,mentions_topic,EHS Topic - Training and Forms
Honeywell-North-Primair-700-Series-Instruction-Manual.pdf,converted_to,PDF - Honeywell-North-Primair-700-Series-Instruction-Manual
PDF - Honeywell_North_Cartridge-Filter-Reference-Chart,mentions_topic,EHS Topic - Chemical Safety
PDF - Honeywell_North_Cartridge-Filter-Reference-Chart,mentions_topic,EHS Topic - PPE
PDF - Honeywell_North_Cartridge-Filter-Reference-Chart,mentions_topic,EHS Topic - Laboratory Operations
PDF - Honeywell_North_Cartridge-Filter-Reference-Chart,mentions_topic,EHS Topic - Training and Forms
Honeywell_North_Cartridge-Filter-Reference-Chart.pdf,converted_to,PDF - Honeywell_North_Cartridge-Filter-Reference-Chart
PDF - Hot_ColdExpMedSurveillanceSurveyFinal2020,mentions_topic,EHS Topic - Occupational Hygiene
PDF - Hot_ColdExpMedSurveillanceSurveyFinal2020,mentions_topic,EHS Topic - Training and Forms
Hot_ColdExpMedSurveillanceSurveyFinal2020.pdf,converted_to,PDF - Hot_ColdExpMedSurveillanceSurveyFinal2020
PDF - HS-Training-Guide-Admin-Facilities,mentions_topic,EHS Topic - Chemical Safety
PDF - HS-Training-Guide-Admin-Facilities,mentions_topic,EHS Topic - PPE
PDF - HS-Training-Guide-Admin-Facilities,mentions_topic,EHS Topic - Occupational Hygiene
PDF - HS-Training-Guide-Admin-Facilities,mentions_topic,EHS Topic - Emergency and Spill Response
PDF - HS-Training-Guide-Admin-Facilities,mentions_topic,EHS Topic - Laboratory Operations
PDF - HS-Training-Guide-Admin-Facilities,mentions_topic,EHS Topic - Training and Forms
HS-Training-Guide-Admin-Facilities.pdf,converted_to,PDF - HS-Training-Guide-Admin-Facilities
PDF - HSconsiderationsMultiFaithRooms,mentions_topic,EHS Topic - Emergency and Spill Response
PDF - HSconsiderationsMultiFaithRooms,mentions_topic,EHS Topic - Training and Forms
HSconsiderationsMultiFaithRooms.pdf,converted_to,PDF - HSconsiderationsMultiFaithRooms
PDF - Hydrofluoric-Acid-First-Aid-Summary,mentions_topic,EHS Topic - Chemical Safety
PDF - Hydrofluoric-Acid-First-Aid-Summary,mentions_topic,EHS Topic - PPE
PDF - Hydrofluoric-Acid-First-Aid-Summary,mentions_topic,EHS Topic - Emergency and Spill Response
PDF - Hydrofluoric-Acid-First-Aid-Summary,mentions_topic,EHS Topic - Training and Forms
Hydrofluoric-Acid-First-Aid-Summary.pdf,converted_to,PDF - Hydrofluoric-Acid-First-Aid-Summary
PDF - Hydrogen-Fluoride-Protocol,mentions_topic,EHS Topic - Chemical Safety
PDF - Hydrogen-Fluoride-Protocol,mentions_topic,EHS Topic - PPE
PDF - Hydrogen-Fluoride-Protocol,mentions_topic,EHS Topic - Training and Forms
Hydrogen-Fluoride-Protocol.pdf,converted_to,PDF - Hydrogen-Fluoride-Protocol
PDF - IARC-Carcinogens,mentions_topic,EHS Topic - Chemical Safety
PDF - IARC-Carcinogens,mentions_topic,EHS Topic - Occupational Hygiene
PDF - IARC-Carcinogens,mentions_topic,EHS Topic - Training and Forms
IARC-Carcinogens.pdf,converted_to,PDF - IARC-Carcinogens
PDF - In-Lab-Procedures-for-Biological-Waste-Handling_v3.3,mentions_topic,EHS Topic - Biosafety
PDF - In-Lab-Procedures-for-Biological-Waste-Handling_v3.3,mentions_topic,EHS Topic - Chemical Safety
PDF - In-Lab-Procedures-for-Biological-Waste-Handling_v3.3,mentions_topic,EHS Topic - Hazardous Waste
PDF - In-Lab-Procedures-for-Biological-Waste-Handling_v3.3,mentions_topic,EHS Topic - Laboratory Operations
PDF - In-Lab-Procedures-for-Biological-Waste-Handling_v3.3,mentions_topic,EHS Topic - Training and Forms
In-Lab-Procedures-for-Biological-Waste-Handling_v3.3.pdf,converted_to,PDF - In-Lab-Procedures-for-Biological-Waste-Handling_v3.3
PDF - Institutional-Requirements-for-the-Use-of-X-rays-on-Human-Participants-for-Research-Outcomes,mentions_topic,EHS Topic - Biosafety
PDF - Institutional-Requirements-for-the-Use-of-X-rays-on-Human-Participants-for-Research-Outcomes,mentions_topic,EHS Topic - Radiation Safety
PDF - Institutional-Requirements-for-the-Use-of-X-rays-on-Human-Participants-for-Research-Outcomes,mentions_topic,EHS Topic - Laboratory Operations
Institutional-Requirements-for-the-Use-of-X-rays-on-Human-Participants-for-Research-Outcomes.pdf,converted_to,PDF - Institutional-Requirements-for-the-Use-of-X-rays-on-Human-Participants-for-Research-Outcomes
PDF - Job-Safety-Analysis-Form-November-2019,mentions_topic,EHS Topic - Hazardous Waste
PDF - Job-Safety-Analysis-Form-November-2019,mentions_topic,EHS Topic - PPE
PDF - Job-Safety-Analysis-Form-November-2019,mentions_topic,EHS Topic - Emergency and Spill Response
PDF - Job-Safety-Analysis-Form-November-2019,mentions_topic,EHS Topic - Laboratory Operations
PDF - Job-Safety-Analysis-Form-November-2019,mentions_topic,EHS Topic - Training and Forms
Job-Safety-Analysis-Form-November-2019.pdf,converted_to,PDF - Job-Safety-Analysis-Form-November-2019
PDF - Job-Shadowing,mentions_topic,EHS Topic - Biosafety
PDF - Job-Shadowing,mentions_topic,EHS Topic - Chemical Safety
PDF - Job-Shadowing,mentions_topic,EHS Topic - Radiation Safety
PDF - Job-Shadowing,mentions_topic,EHS Topic - Laser Safety
PDF - Job-Shadowing,mentions_topic,EHS Topic - PPE
PDF - Job-Shadowing,mentions_topic,EHS Topic - Laboratory Operations
PDF - Job-Shadowing,mentions_topic,EHS Topic - Training and Forms
Job-Shadowing.pdf,converted_to,PDF - Job-Shadowing
PDF - Kitchen-Knife-Safety-Aug-2023,mentions_topic,EHS Topic - Emergency and Spill Response
PDF - Kitchen-Knife-Safety-Aug-2023,mentions_topic,EHS Topic - Training and Forms
Kitchen-Knife-Safety-Aug-2023.pdf,converted_to,PDF - Kitchen-Knife-Safety-Aug-2023
PDF - Kitchen-Safety-Guidelines-December-2019,mentions_topic,EHS Topic - Chemical Safety
PDF - Kitchen-Safety-Guidelines-December-2019,mentions_topic,EHS Topic - PPE
PDF - Kitchen-Safety-Guidelines-December-2019,mentions_topic,EHS Topic - Emergency and Spill Response
PDF - Kitchen-Safety-Guidelines-December-2019,mentions_topic,EHS Topic - Laboratory Operations
PDF - Kitchen-Safety-Guidelines-December-2019,mentions_topic,EHS Topic - Training and Forms
Kitchen-Safety-Guidelines-December-2019.pdf,converted_to,PDF - Kitchen-Safety-Guidelines-December-2019
PDF - Lab-Coat-Guidelines,mentions_topic,EHS Topic - Biosafety
PDF - Lab-Coat-Guidelines,mentions_topic,EHS Topic - Chemical Safety
PDF - Lab-Coat-Guidelines,mentions_topic,EHS Topic - Hazardous Waste
PDF - Lab-Coat-Guidelines,mentions_topic,EHS Topic - Radiation Safety
PDF - Lab-Coat-Guidelines,mentions_topic,EHS Topic - PPE
PDF - Lab-Coat-Guidelines,mentions_topic,EHS Topic - Emergency and Spill Response
PDF - Lab-Coat-Guidelines,mentions_topic,EHS Topic - Laboratory Operations
PDF - Lab-Coat-Guidelines,mentions_topic,EHS Topic - Training and Forms
Lab-Coat-Guidelines.pdf,converted_to,PDF - Lab-Coat-Guidelines
PDF - Lab-Safety-Design-Standard-December_2018,mentions_topic,EHS Topic - Biosafety
PDF - Lab-Safety-Design-Standard-December_2018,mentions_topic,EHS Topic - Chemical Safety
PDF - Lab-Safety-Design-Standard-December_2018,mentions_topic,EHS Topic - Radiation Safety
PDF - Lab-Safety-Design-Standard-December_2018,mentions_topic,EHS Topic - Occupational Hygiene
PDF - Lab-Safety-Design-Standard-December_2018,mentions_topic,EHS Topic - Laboratory Operations
PDF - Lab-Safety-Design-Standard-December_2018,mentions_topic,EHS Topic - Training and Forms
Lab-Safety-Design-Standard-December_2018.pdf,converted_to,PDF - Lab-Safety-Design-Standard-December_2018
PDF - Laboratory-Chemical-Safety-Program-V1-2-June-2022,mentions_topic,EHS Topic - Biosafety
PDF - Laboratory-Chemical-Safety-Program-V1-2-June-2022,mentions_topic,EHS Topic - Chemical Safety
PDF - Laboratory-Chemical-Safety-Program-V1-2-June-2022,mentions_topic,EHS Topic - Laboratory Operations
PDF - Laboratory-Chemical-Safety-Program-V1-2-June-2022,mentions_topic,EHS Topic - Training and Forms
Laboratory-Chemical-Safety-Program-V1-2-June-2022.pdf,converted_to,PDF - Laboratory-Chemical-Safety-Program-V1-2-June-2022
PDF - Laboratory-Guidelines-for-Youth-Outreach-Programs-April-2025,mentions_topic,EHS Topic - Biosafety
PDF - Laboratory-Guidelines-for-Youth-Outreach-Programs-April-2025,mentions_topic,EHS Topic - Chemical Safety
PDF - Laboratory-Guidelines-for-Youth-Outreach-Programs-April-2025,mentions_topic,EHS Topic - Hazardous Waste
PDF - Laboratory-Guidelines-for-Youth-Outreach-Programs-April-2025,mentions_topic,EHS Topic - Radiation Safety
PDF - Laboratory-Guidelines-for-Youth-Outreach-Programs-April-2025,mentions_topic,EHS Topic - Laser Safety
PDF - Laboratory-Guidelines-for-Youth-Outreach-Programs-April-2025,mentions_topic,EHS Topic - Occupational Hygiene
PDF - Laboratory-Guidelines-for-Youth-Outreach-Programs-April-2025,mentions_topic,EHS Topic - Laboratory Operations
PDF - Laboratory-Guidelines-for-Youth-Outreach-Programs-April-2025,mentions_topic,EHS Topic - Training and Forms
Laboratory-Guidelines-for-Youth-Outreach-Programs-April-2025.pdf,converted_to,PDF - Laboratory-Guidelines-for-Youth-Outreach-Programs-April-2025
PDF - Laboratory-PI-inspection-checklist-ver-1.02,mentions_topic,EHS Topic - Biosafety
PDF - Laboratory-PI-inspection-checklist-ver-1.02,mentions_topic,EHS Topic - Chemical Safety
PDF - Laboratory-PI-inspection-checklist-ver-1.02,mentions_topic,EHS Topic - Hazardous Waste
PDF - Laboratory-PI-inspection-checklist-ver-1.02,mentions_topic,EHS Topic - Radiation Safety
PDF - Laboratory-PI-inspection-checklist-ver-1.02,mentions_topic,EHS Topic - Laser Safety
PDF - Laboratory-PI-inspection-checklist-ver-1.02,mentions_topic,EHS Topic - PPE
PDF - Laboratory-PI-inspection-checklist-ver-1.02,mentions_topic,EHS Topic - Emergency and Spill Response
PDF - Laboratory-PI-inspection-checklist-ver-1.02,mentions_topic,EHS Topic - Laboratory Operations
PDF - Laboratory-PI-inspection-checklist-ver-1.02,mentions_topic,EHS Topic - Training and Forms
Laboratory-PI-inspection-checklist-ver-1.02.pdf,converted_to,PDF - Laboratory-PI-inspection-checklist-ver-1.02
PDF - Laboratory-PPE-Assessment-Tool.pd-Updated,mentions_topic,EHS Topic - Biosafety
PDF - Laboratory-PPE-Assessment-Tool.pd-Updated,mentions_topic,EHS Topic - Chemical Safety
PDF - Laboratory-PPE-Assessment-Tool.pd-Updated,mentions_topic,EHS Topic - Radiation Safety
PDF - Laboratory-PPE-Assessment-Tool.pd-Updated,mentions_topic,EHS Topic - PPE
PDF - Laboratory-PPE-Assessment-Tool.pd-Updated,mentions_topic,EHS Topic - Laboratory Operations
Laboratory-PPE-Assessment-Tool.pd-Updated.pdf,converted_to,PDF - Laboratory-PPE-Assessment-Tool.pd-Updated
PDF - Laboratory-Safety-Program,mentions_topic,EHS Topic - Biosafety
PDF - Laboratory-Safety-Program,mentions_topic,EHS Topic - Hazardous Waste
PDF - Laboratory-Safety-Program,mentions_topic,EHS Topic - PPE
PDF - Laboratory-Safety-Program,mentions_topic,EHS Topic - Emergency and Spill Response
PDF - Laboratory-Safety-Program,mentions_topic,EHS Topic - Laboratory Operations
PDF - Laboratory-Safety-Program,mentions_topic,EHS Topic - Training and Forms
Laboratory-Safety-Program.pdf,converted_to,PDF - Laboratory-Safety-Program
PDF - Laser-Accident-Victims-View,mentions_topic,EHS Topic - Radiation Safety
PDF - Laser-Accident-Victims-View,mentions_topic,EHS Topic - Laser Safety
PDF - Laser-Accident-Victims-View,mentions_topic,EHS Topic - PPE
PDF - Laser-Accident-Victims-View,mentions_topic,EHS Topic - Emergency and Spill Response
PDF - Laser-Accident-Victims-View,mentions_topic,EHS Topic - Laboratory Operations
Laser-Accident-Victims-View.pdf,converted_to,PDF - Laser-Accident-Victims-View
PDF - Laser-Lab-Design,mentions_topic,EHS Topic - Laser Safety
PDF - Laser-Lab-Design,mentions_topic,EHS Topic - Emergency and Spill Response
PDF - Laser-Lab-Design,mentions_topic,EHS Topic - Laboratory Operations
Laser-Lab-Design.pdf,converted_to,PDF - Laser-Lab-Design
PDF - Laser-Loan-Form,mentions_topic,EHS Topic - Laser Safety
PDF - Laser-Loan-Form,mentions_topic,EHS Topic - Laboratory Operations
PDF - Laser-Loan-Form,mentions_topic,EHS Topic - Training and Forms
Laser-Loan-Form.pdf,converted_to,PDF - Laser-Loan-Form
PDF - Laser-Permit,mentions_topic,EHS Topic - Radiation Safety
PDF - Laser-Permit,mentions_topic,EHS Topic - Laser Safety
PDF - Laser-Permit,mentions_topic,EHS Topic - Laboratory Operations
PDF - Laser-Permit,mentions_topic,EHS Topic - Training and Forms
Laser-Permit.pdf,converted_to,PDF - Laser-Permit
PDF - Laser-Safety-Program-U-of-T,mentions_topic,EHS Topic - Laser Safety
PDF - Laser-Safety-Program-U-of-T,mentions_topic,EHS Topic - PPE
PDF - Laser-Safety-Program-U-of-T,mentions_topic,EHS Topic - Emergency and Spill Response
PDF - Laser-Safety-Program-U-of-T,mentions_topic,EHS Topic - Laboratory Operations
PDF - Laser-Safety-Program-U-of-T,mentions_topic,EHS Topic - Training and Forms
Laser-Safety-Program-U-of-T.pdf,converted_to,PDF - Laser-Safety-Program-U-of-T
PDF - Lead-Program,mentions_topic,EHS Topic - Chemical Safety
PDF - Lead-Program,mentions_topic,EHS Topic - Hazardous Waste
PDF - Lead-Program,mentions_topic,EHS Topic - PPE
PDF - Lead-Program,mentions_topic,EHS Topic - Laboratory Operations
PDF - Lead-Program,mentions_topic,EHS Topic - Training and Forms
Lead-Program.pdf,converted_to,PDF - Lead-Program
PDF - Lead-SOPs-PDF-20171109b,mentions_topic,EHS Topic - Chemical Safety
PDF - Lead-SOPs-PDF-20171109b,mentions_topic,EHS Topic - Hazardous Waste
PDF - Lead-SOPs-PDF-20171109b,mentions_topic,EHS Topic - PPE
PDF - Lead-SOPs-PDF-20171109b,mentions_topic,EHS Topic - Occupational Hygiene
PDF - Lead-SOPs-PDF-20171109b,mentions_topic,EHS Topic - Laboratory Operations
PDF - Lead-SOPs-PDF-20171109b,mentions_topic,EHS Topic - Training and Forms
Lead-SOPs-PDF-20171109b.pdf,converted_to,PDF - Lead-SOPs-PDF-20171109b
PDF - Lenti_Containment_Guidance,mentions_topic,EHS Topic - Biosafety
PDF - Lenti_Containment_Guidance,mentions_topic,EHS Topic - PPE
PDF - Lenti_Containment_Guidance,mentions_topic,EHS Topic - Laboratory Operations
PDF - Lenti_Containment_Guidance,mentions_topic,EHS Topic - Training and Forms
Lenti_Containment_Guidance.pdf,converted_to,PDF - Lenti_Containment_Guidance
PDF - Lentiviral_Vectors_Guideline_2019,mentions_topic,EHS Topic - Biosafety
PDF - Lentiviral_Vectors_Guideline_2019,mentions_topic,EHS Topic - Laboratory Operations
PDF - Lentiviral_Vectors_Guideline_2019,mentions_topic,EHS Topic - Training and Forms
Lentiviral_Vectors_Guideline_2019.pdf,converted_to,PDF - Lentiviral_Vectors_Guideline_2019
PDF - Level-1-and-2-Biosafety-Amendment-Application-Form,mentions_topic,EHS Topic - Biosafety
PDF - Level-1-and-2-Biosafety-Amendment-Application-Form,mentions_topic,EHS Topic - Laboratory Operations
PDF - Level-1-and-2-Biosafety-Amendment-Application-Form,mentions_topic,EHS Topic - Training and Forms
Level-1-and-2-Biosafety-Amendment-Application-Form.pdf,converted_to,PDF - Level-1-and-2-Biosafety-Amendment-Application-Form
PDF - Level-1-and-2-Biosafety-Permit-Application,mentions_topic,EHS Topic - Biosafety
PDF - Level-1-and-2-Biosafety-Permit-Application,mentions_topic,EHS Topic - Chemical Safety
PDF - Level-1-and-2-Biosafety-Permit-Application,mentions_topic,EHS Topic - Radiation Safety
PDF - Level-1-and-2-Biosafety-Permit-Application,mentions_topic,EHS Topic - PPE
PDF - Level-1-and-2-Biosafety-Permit-Application,mentions_topic,EHS Topic - Emergency and Spill Response
PDF - Level-1-and-2-Biosafety-Permit-Application,mentions_topic,EHS Topic - Laboratory Operations
PDF - Level-1-and-2-Biosafety-Permit-Application,mentions_topic,EHS Topic - Training and Forms
Level-1-and-2-Biosafety-Permit-Application.pdf,converted_to,PDF - Level-1-and-2-Biosafety-Permit-Application
PDF - Lifting-Devices,mentions_topic,EHS Topic - Laboratory Operations
PDF - Lifting-Devices,mentions_topic,EHS Topic - Training and Forms
Lifting-Devices.pdf,converted_to,PDF - Lifting-Devices
PDF - Lighting-Ergonomics-Guideline-2023-Final,mentions_topic,EHS Topic - Occupational Hygiene
PDF - Lighting-Ergonomics-Guideline-2023-Final,mentions_topic,EHS Topic - Emergency and Spill Response
PDF - Lighting-Ergonomics-Guideline-2023-Final,mentions_topic,EHS Topic - Laboratory Operations
PDF - Lighting-Ergonomics-Guideline-2023-Final,mentions_topic,EHS Topic - Training and Forms
Lighting-Ergonomics-Guideline-2023-Final.pdf,converted_to,PDF - Lighting-Ergonomics-Guideline-2023-Final
PDF - Lighting_Ergonomics_Guidance,mentions_topic,EHS Topic - Occupational Hygiene
PDF - Lighting_Ergonomics_Guidance,mentions_topic,EHS Topic - Emergency and Spill Response
PDF - Lighting_Ergonomics_Guidance,mentions_topic,EHS Topic - Training and Forms
Lighting_Ergonomics_Guidance.pdf,converted_to,PDF - Lighting_Ergonomics_Guidance
PDF - Lockout-or-Tagout,mentions_topic,EHS Topic - Chemical Safety
PDF - Lockout-or-Tagout,mentions_topic,EHS Topic - Hazardous Waste
PDF - Lockout-or-Tagout,mentions_topic,EHS Topic - Occupational Hygiene
PDF - Lockout-or-Tagout,mentions_topic,EHS Topic - Emergency and Spill Response
PDF - Lockout-or-Tagout,mentions_topic,EHS Topic - Laboratory Operations
PDF - Lockout-or-Tagout,mentions_topic,EHS Topic - Training and Forms
Lockout-or-Tagout.pdf,converted_to,PDF - Lockout-or-Tagout
PDF - Lockout-Procedures,mentions_topic,EHS Topic - Chemical Safety
PDF - Lockout-Procedures,mentions_topic,EHS Topic - Hazardous Waste
PDF - Lockout-Procedures,mentions_topic,EHS Topic - Laboratory Operations
PDF - Lockout-Procedures,mentions_topic,EHS Topic - Training and Forms
Lockout-Procedures.pdf,converted_to,PDF - Lockout-Procedures
PDF - Love-Your-Toes,mentions_topic,EHS Topic - Training and Forms
Love-Your-Toes.pdf,converted_to,PDF - Love-Your-Toes
PDF - LSM,mentions_topic,EHS Topic - Laser Safety
PDF - LSM,mentions_topic,EHS Topic - Training and Forms
LSM.pdf,converted_to,PDF - LSM
PDF - Machine-Safety-Guidelines-2015.pd-Updated,mentions_topic,EHS Topic - Chemical Safety
PDF - Machine-Safety-Guidelines-2015.pd-Updated,mentions_topic,EHS Topic - Occupational Hygiene
PDF - Machine-Safety-Guidelines-2015.pd-Updated,mentions_topic,EHS Topic - Emergency and Spill Response
PDF - Machine-Safety-Guidelines-2015.pd-Updated,mentions_topic,EHS Topic - Laboratory Operations
PDF - Machine-Safety-Guidelines-2015.pd-Updated,mentions_topic,EHS Topic - Training and Forms
Machine-Safety-Guidelines-2015.pd-Updated.pdf,converted_to,PDF - Machine-Safety-Guidelines-2015.pd-Updated
PDF - Maintenance-Contractor-Procedure-for-Working-on-Potentially-Contaminated-Plumbing.pd-Updated,mentions_topic,EHS Topic - Chemical Safety
PDF - Maintenance-Contractor-Procedure-for-Working-on-Potentially-Contaminated-Plumbing.pd-Updated,mentions_topic,EHS Topic - Hazardous Waste
PDF - Maintenance-Contractor-Procedure-for-Working-on-Potentially-Contaminated-Plumbing.pd-Updated,mentions_topic,EHS Topic - PPE
PDF - Maintenance-Contractor-Procedure-for-Working-on-Potentially-Contaminated-Plumbing.pd-Updated,mentions_topic,EHS Topic - Emergency and Spill Response
PDF - Maintenance-Contractor-Procedure-for-Working-on-Potentially-Contaminated-Plumbing.pd-Updated,mentions_topic,EHS Topic - Laboratory Operations
PDF - Maintenance-Contractor-Procedure-for-Working-on-Potentially-Contaminated-Plumbing.pd-Updated,mentions_topic,EHS Topic - Training and Forms
Maintenance-Contractor-Procedure-for-Working-on-Potentially-Contaminated-Plumbing.pd-Updated.pdf,converted_to,PDF - Maintenance-Contractor-Procedure-for-Working-on-Potentially-Contaminated-Plumbing.pd-Updated
PDF - Maintenance-Procedure-for-Working-on-Fume-Hood-Ducts.pd-Updated,mentions_topic,EHS Topic - Chemical Safety
PDF - Maintenance-Procedure-for-Working-on-Fume-Hood-Ducts.pd-Updated,mentions_topic,EHS Topic - Hazardous Waste
PDF - Maintenance-Procedure-for-Working-on-Fume-Hood-Ducts.pd-Updated,mentions_topic,EHS Topic - Radiation Safety
PDF - Maintenance-Procedure-for-Working-on-Fume-Hood-Ducts.pd-Updated,mentions_topic,EHS Topic - PPE
PDF - Maintenance-Procedure-for-Working-on-Fume-Hood-Ducts.pd-Updated,mentions_topic,EHS Topic - Emergency and Spill Response
PDF - Maintenance-Procedure-for-Working-on-Fume-Hood-Ducts.pd-Updated,mentions_topic,EHS Topic - Laboratory Operations
PDF - Maintenance-Procedure-for-Working-on-Fume-Hood-Ducts.pd-Updated,mentions_topic,EHS Topic - Training and Forms
Maintenance-Procedure-for-Working-on-Fume-Hood-Ducts.pd-Updated.pdf,converted_to,PDF - Maintenance-Procedure-for-Working-on-Fume-Hood-Ducts.pd-Updated
PDF - Memo_EHS_Update-on-WHMIS-regulation,mentions_topic,EHS Topic - Chemical Safety
PDF - Memo_EHS_Update-on-WHMIS-regulation,mentions_topic,EHS Topic - Hazardous Waste
PDF - Memo_EHS_Update-on-WHMIS-regulation,mentions_topic,EHS Topic - Laboratory Operations
PDF - Memo_EHS_Update-on-WHMIS-regulation,mentions_topic,EHS Topic - Training and Forms
Memo_EHS_Update-on-WHMIS-regulation.pdf,converted_to,PDF - Memo_EHS_Update-on-WHMIS-regulation
PDF - Memorandum-Central-Chemical-Inventory-System-2024-02-13,mentions_topic,EHS Topic - Chemical Safety
PDF - Memorandum-Central-Chemical-Inventory-System-2024-02-13,mentions_topic,EHS Topic - Hazardous Waste
PDF - Memorandum-Central-Chemical-Inventory-System-2024-02-13,mentions_topic,EHS Topic - Laboratory Operations
PDF - Memorandum-Central-Chemical-Inventory-System-2024-02-13,mentions_topic,EHS Topic - Training and Forms
Memorandum-Central-Chemical-Inventory-System-2024-02-13.pdf,converted_to,PDF - Memorandum-Central-Chemical-Inventory-System-2024-02-13
PDF - Memorandum-of-Agreement,mentions_topic,EHS Topic - Biosafety
PDF - Memorandum-of-Agreement,mentions_topic,EHS Topic - Chemical Safety
PDF - Memorandum-of-Agreement,mentions_topic,EHS Topic - PPE
PDF - Memorandum-of-Agreement,mentions_topic,EHS Topic - Emergency and Spill Response
PDF - Memorandum-of-Agreement,mentions_topic,EHS Topic - Laboratory Operations
PDF - Memorandum-of-Agreement,mentions_topic,EHS Topic - Training and Forms
Memorandum-of-Agreement.pdf,converted_to,PDF - Memorandum-of-Agreement
PDF - Moldex_FittingInstructions,mentions_topic,EHS Topic - PPE
PDF - Moldex_FittingInstructions,mentions_topic,EHS Topic - Training and Forms
Moldex_FittingInstructions.pdf,converted_to,PDF - Moldex_FittingInstructions
PDF - Mould-Control-Program-Procedures-4-FINAL-20170821,mentions_topic,EHS Topic - Laboratory Operations
PDF - Mould-Control-Program-Procedures-4-FINAL-20170821,mentions_topic,EHS Topic - Training and Forms
Mould-Control-Program-Procedures-4-FINAL-20170821.pdf,converted_to,PDF - Mould-Control-Program-Procedures-4-FINAL-20170821
PDF - Noise-at-Work-Understanding-the-Difference-Between-Hazardous-and-Nuisance-Noise,mentions_topic,EHS Topic - Hazardous Waste
PDF - Noise-at-Work-Understanding-the-Difference-Between-Hazardous-and-Nuisance-Noise,mentions_topic,EHS Topic - Occupational Hygiene
PDF - Noise-at-Work-Understanding-the-Difference-Between-Hazardous-and-Nuisance-Noise,mentions_topic,EHS Topic - Emergency and Spill Response
PDF - Noise-at-Work-Understanding-the-Difference-Between-Hazardous-and-Nuisance-Noise,mentions_topic,EHS Topic - Laboratory Operations
PDF - Noise-at-Work-Understanding-the-Difference-Between-Hazardous-and-Nuisance-Noise,mentions_topic,EHS Topic - Training and Forms
Noise-at-Work-Understanding-the-Difference-Between-Hazardous-and-Nuisance-Noise.pdf,converted_to,PDF - Noise-at-Work-Understanding-the-Difference-Between-Hazardous-and-Nuisance-Noise
PDF - Noise-Program-Rev.-March-2016,mentions_topic,EHS Topic - Hazardous Waste
PDF - Noise-Program-Rev.-March-2016,mentions_topic,EHS Topic - PPE
PDF - Noise-Program-Rev.-March-2016,mentions_topic,EHS Topic - Occupational Hygiene
Noise-Program-Rev.-March-2016.pdf,converted_to,PDF - Noise-Program-Rev.-March-2016
PDF - Non-Service-Animals-on-Campus-Guideline,mentions_topic,EHS Topic - Laboratory Operations
Non-Service-Animals-on-Campus-Guideline.pdf,converted_to,PDF - Non-Service-Animals-on-Campus-Guideline
PDF - North-half-face-respirator-instructions,mentions_topic,EHS Topic - PPE
PDF - North-half-face-respirator-instructions,mentions_topic,EHS Topic - Emergency and Spill Response
PDF - North-half-face-respirator-instructions,mentions_topic,EHS Topic - Laboratory Operations
PDF - North-half-face-respirator-instructions,mentions_topic,EHS Topic - Training and Forms
North-half-face-respirator-instructions.pdf,converted_to,PDF - North-half-face-respirator-instructions
PDF - North_full_facepiece_5400_7600-instructions,mentions_topic,EHS Topic - PPE
PDF - North_full_facepiece_5400_7600-instructions,mentions_topic,EHS Topic - Emergency and Spill Response
PDF - North_full_facepiece_5400_7600-instructions,mentions_topic,EHS Topic - Laboratory Operations
PDF - North_full_facepiece_5400_7600-instructions,mentions_topic,EHS Topic - Training and Forms
North_full_facepiece_5400_7600-instructions.pdf,converted_to,PDF - North_full_facepiece_5400_7600-instructions
PDF - Office-Ergonomics-Setting-Up-Your-Workstation-Tipsheet_2022July07,mentions_topic,EHS Topic - Occupational Hygiene
PDF - Office-Ergonomics-Setting-Up-Your-Workstation-Tipsheet_2022July07,mentions_topic,EHS Topic - Laboratory Operations
Office-Ergonomics-Setting-Up-Your-Workstation-Tipsheet_2022July07.pdf,converted_to,PDF - Office-Ergonomics-Setting-Up-Your-Workstation-Tipsheet_2022July07
PDF - Pest-Bed-Bug-InfoGuide-PropertyManagement-2019-ENG,mentions_topic,EHS Topic - Chemical Safety
PDF - Pest-Bed-Bug-InfoGuide-PropertyManagement-2019-ENG,mentions_topic,EHS Topic - PPE
PDF - Pest-Bed-Bug-InfoGuide-PropertyManagement-2019-ENG,mentions_topic,EHS Topic - Emergency and Spill Response
PDF - Pest-Bed-Bug-InfoGuide-PropertyManagement-2019-ENG,mentions_topic,EHS Topic - Laboratory Operations
PDF - Pest-Bed-Bug-InfoGuide-PropertyManagement-2019-ENG,mentions_topic,EHS Topic - Training and Forms
Pest-Bed-Bug-InfoGuide-PropertyManagement-2019-ENG.pdf,converted_to,PDF - Pest-Bed-Bug-InfoGuide-PropertyManagement-2019-ENG
PDF - Pest-Bed-Bugs-Infographic-DoNotLetBedBugsBite-ENG,mentions_topic,EHS Topic - PPE
Pest-Bed-Bugs-Infographic-DoNotLetBedBugsBite-ENG.pdf,converted_to,PDF - Pest-Bed-Bugs-Infographic-DoNotLetBedBugsBite-ENG
PDF - Pest-Bed-Bugs-InfoSheet-101PropertyManagers-2014-ENG,mentions_topic,EHS Topic - PPE
PDF - Pest-Bed-Bugs-InfoSheet-101PropertyManagers-2014-ENG,mentions_topic,EHS Topic - Laboratory Operations
Pest-Bed-Bugs-InfoSheet-101PropertyManagers-2014-ENG.pdf,converted_to,PDF - Pest-Bed-Bugs-InfoSheet-101PropertyManagers-2014-ENG
PDF - Pest-Bed-Bugs-InfoSheet-OfficeTenantTips-ENG,mentions_topic,EHS Topic - Laboratory Operations
PDF - Pest-Bed-Bugs-InfoSheet-OfficeTenantTips-ENG,mentions_topic,EHS Topic - Training and Forms
Pest-Bed-Bugs-InfoSheet-OfficeTenantTips-ENG.pdf,converted_to,PDF - Pest-Bed-Bugs-InfoSheet-OfficeTenantTips-ENG
PDF - Phenyl-Hydrazine-and-Phenyl-Hydrazine-Hydrochloride-procedure-for-use-Updated,mentions_topic,EHS Topic - Chemical Safety
PDF - Phenyl-Hydrazine-and-Phenyl-Hydrazine-Hydrochloride-procedure-for-use-Updated,mentions_topic,EHS Topic - PPE
PDF - Phenyl-Hydrazine-and-Phenyl-Hydrazine-Hydrochloride-procedure-for-use-Updated,mentions_topic,EHS Topic - Emergency and Spill Response
PDF - Phenyl-Hydrazine-and-Phenyl-Hydrazine-Hydrochloride-procedure-for-use-Updated,mentions_topic,EHS Topic - Laboratory Operations
PDF - Phenyl-Hydrazine-and-Phenyl-Hydrazine-Hydrochloride-procedure-for-use-Updated,mentions_topic,EHS Topic - Training and Forms
Phenyl-Hydrazine-and-Phenyl-Hydrazine-Hydrochloride-procedure-for-use-Updated.pdf,converted_to,PDF - Phenyl-Hydrazine-and-Phenyl-Hydrazine-Hydrochloride-procedure-for-use-Updated
PDF - Portal-Ladders-Standard,mentions_topic,EHS Topic - Laboratory Operations
PDF - Portal-Ladders-Standard,mentions_topic,EHS Topic - Training and Forms
Portal-Ladders-Standard.pdf,converted_to,PDF - Portal-Ladders-Standard
PDF - Pregnancy-Workplace-Screening-Tool-for-Pregnant-Workers.pd-Updated,mentions_topic,EHS Topic - Biosafety
PDF - Pregnancy-Workplace-Screening-Tool-for-Pregnant-Workers.pd-Updated,mentions_topic,EHS Topic - Chemical Safety
PDF - Pregnancy-Workplace-Screening-Tool-for-Pregnant-Workers.pd-Updated,mentions_topic,EHS Topic - Hazardous Waste
PDF - Pregnancy-Workplace-Screening-Tool-for-Pregnant-Workers.pd-Updated,mentions_topic,EHS Topic - PPE
PDF - Pregnancy-Workplace-Screening-Tool-for-Pregnant-Workers.pd-Updated,mentions_topic,EHS Topic - Occupational Hygiene
PDF - Pregnancy-Workplace-Screening-Tool-for-Pregnant-Workers.pd-Updated,mentions_topic,EHS Topic - Laboratory Operations
PDF - Pregnancy-Workplace-Screening-Tool-for-Pregnant-Workers.pd-Updated,mentions_topic,EHS Topic - Training and Forms
Pregnancy-Workplace-Screening-Tool-for-Pregnant-Workers.pd-Updated.pdf,converted_to,PDF - Pregnancy-Workplace-Screening-Tool-for-Pregnant-Workers.pd-Updated
PDF - Preparing-Foods-with-Knives,mentions_topic,EHS Topic - Hazardous Waste
PDF - Preparing-Foods-with-Knives,mentions_topic,EHS Topic - PPE
PDF - Preparing-Foods-with-Knives,mentions_topic,EHS Topic - Laboratory Operations
Preparing-Foods-with-Knives.pdf,converted_to,PDF - Preparing-Foods-with-Knives
PDF - Preventing-Mould-in-Cold-Rooms,mentions_topic,EHS Topic - PPE
PDF - Preventing-Mould-in-Cold-Rooms,mentions_topic,EHS Topic - Emergency and Spill Response
PDF - Preventing-Mould-in-Cold-Rooms,mentions_topic,EHS Topic - Laboratory Operations
Preventing-Mould-in-Cold-Rooms.pdf,converted_to,PDF - Preventing-Mould-in-Cold-Rooms
PDF - PreventingSlipsTripsFallKitchens_Poster_2023Aug17,mentions_topic,EHS Topic - PPE
PDF - PreventingSlipsTripsFallKitchens_Poster_2023Aug17,mentions_topic,EHS Topic - Emergency and Spill Response
PreventingSlipsTripsFallKitchens_Poster_2023Aug17.pdf,converted_to,PDF - PreventingSlipsTripsFallKitchens_Poster_2023Aug17
PDF - Procedural-Checklists-Type-1-and-2,mentions_topic,EHS Topic - Chemical Safety
PDF - Procedural-Checklists-Type-1-and-2,mentions_topic,EHS Topic - Hazardous Waste
PDF - Procedural-Checklists-Type-1-and-2,mentions_topic,EHS Topic - PPE
PDF - Procedural-Checklists-Type-1-and-2,mentions_topic,EHS Topic - Occupational Hygiene
PDF - Procedural-Checklists-Type-1-and-2,mentions_topic,EHS Topic - Laboratory Operations
PDF - Procedural-Checklists-Type-1-and-2,mentions_topic,EHS Topic - Training and Forms
Procedural-Checklists-Type-1-and-2.pdf,converted_to,PDF - Procedural-Checklists-Type-1-and-2
PDF - Protective-Clothing,mentions_topic,EHS Topic - Chemical Safety
PDF - Protective-Clothing,mentions_topic,EHS Topic - Radiation Safety
PDF - Protective-Clothing,mentions_topic,EHS Topic - PPE
PDF - Protective-Clothing,mentions_topic,EHS Topic - Laboratory Operations
PDF - Protective-Clothing,mentions_topic,EHS Topic - Training and Forms
Protective-Clothing.pdf,converted_to,PDF - Protective-Clothing
PDF - Protective-Footwear-Standard,mentions_topic,EHS Topic - Hazardous Waste
PDF - Protective-Footwear-Standard,mentions_topic,EHS Topic - PPE
PDF - Protective-Footwear-Standard,mentions_topic,EHS Topic - Laboratory Operations
PDF - Protective-Footwear-Standard,mentions_topic,EHS Topic - Training and Forms
Protective-Footwear-Standard.pdf,converted_to,PDF - Protective-Footwear-Standard
PDF - Radioactive-Material-Transfer-Request-Mar-2025,mentions_topic,EHS Topic - Chemical Safety
PDF - Radioactive-Material-Transfer-Request-Mar-2025,mentions_topic,EHS Topic - Radiation Safety
PDF - Radioactive-Material-Transfer-Request-Mar-2025,mentions_topic,EHS Topic - Training and Forms
Radioactive-Material-Transfer-Request-Mar-2025.pdf,converted_to,PDF - Radioactive-Material-Transfer-Request-Mar-2025
PDF - Radioactive-Materials-Purchase-Request,mentions_topic,EHS Topic - Chemical Safety
PDF - Radioactive-Materials-Purchase-Request,mentions_topic,EHS Topic - Radiation Safety
PDF - Radioactive-Materials-Purchase-Request,mentions_topic,EHS Topic - Training and Forms
Radioactive-Materials-Purchase-Request.pdf,converted_to,PDF - Radioactive-Materials-Purchase-Request
PDF - Refrigerators-Updated,mentions_topic,EHS Topic - Emergency and Spill Response
PDF - Refrigerators-Updated,mentions_topic,EHS Topic - Laboratory Operations
PDF - Refrigerators-Updated,mentions_topic,EHS Topic - Training and Forms
Refrigerators-Updated.pdf,converted_to,PDF - Refrigerators-Updated
PDF - Registration-Form-for-Category-1-Participants-Identified-First-Aiders2020,mentions_topic,EHS Topic - Emergency and Spill Response
PDF - Registration-Form-for-Category-1-Participants-Identified-First-Aiders2020,mentions_topic,EHS Topic - Laboratory Operations
PDF - Registration-Form-for-Category-1-Participants-Identified-First-Aiders2020,mentions_topic,EHS Topic - Training and Forms
Registration-Form-for-Category-1-Participants-Identified-First-Aiders2020.pdf,converted_to,PDF - Registration-Form-for-Category-1-Participants-Identified-First-Aiders2020
PDF - regulation-861,mentions_topic,EHS Topic - Biosafety
PDF - regulation-861,mentions_topic,EHS Topic - Radiation Safety
PDF - regulation-861,mentions_topic,EHS Topic - Laboratory Operations
regulation-861.pdf,converted_to,PDF - regulation-861
PDF - Respirator-Standard,mentions_topic,EHS Topic - Chemical Safety
PDF - Respirator-Standard,mentions_topic,EHS Topic - Hazardous Waste
PDF - Respirator-Standard,mentions_topic,EHS Topic - PPE
PDF - Respirator-Standard,mentions_topic,EHS Topic - Emergency and Spill Response
PDF - Respirator-Standard,mentions_topic,EHS Topic - Laboratory Operations
PDF - Respirator-Standard,mentions_topic,EHS Topic - Training and Forms
Respirator-Standard.pdf,converted_to,PDF - Respirator-Standard
PDF - Respirator-User-Screening-Form-2021,mentions_topic,EHS Topic - Chemical Safety
PDF - Respirator-User-Screening-Form-2021,mentions_topic,EHS Topic - Hazardous Waste
PDF - Respirator-User-Screening-Form-2021,mentions_topic,EHS Topic - PPE
PDF - Respirator-User-Screening-Form-2021,mentions_topic,EHS Topic - Occupational Hygiene
PDF - Respirator-User-Screening-Form-2021,mentions_topic,EHS Topic - Emergency and Spill Response
PDF - Respirator-User-Screening-Form-2021,mentions_topic,EHS Topic - Laboratory Operations
PDF - Respirator-User-Screening-Form-2021,mentions_topic,EHS Topic - Training and Forms
Respirator-User-Screening-Form-2021.pdf,converted_to,PDF - Respirator-User-Screening-Form-2021
PDF - Respirators-with-Exhalation-Valve-Final,mentions_topic,EHS Topic - PPE
PDF - Respirators-with-Exhalation-Valve-Final,mentions_topic,EHS Topic - Training and Forms
Respirators-with-Exhalation-Valve-Final.pdf,converted_to,PDF - Respirators-with-Exhalation-Valve-Final
PDF - Respiratory-Protection-Program,mentions_topic,EHS Topic - Hazardous Waste
PDF - Respiratory-Protection-Program,mentions_topic,EHS Topic - PPE
PDF - Respiratory-Protection-Program,mentions_topic,EHS Topic - Laboratory Operations
PDF - Respiratory-Protection-Program,mentions_topic,EHS Topic - Training and Forms
Respiratory-Protection-Program.pdf,converted_to,PDF - Respiratory-Protection-Program
PDF - Restricted-Spaces,mentions_topic,EHS Topic - PPE
PDF - Restricted-Spaces,mentions_topic,EHS Topic - Occupational Hygiene
PDF - Restricted-Spaces,mentions_topic,EHS Topic - Emergency and Spill Response
PDF - Restricted-Spaces,mentions_topic,EHS Topic - Laboratory Operations
PDF - Restricted-Spaces,mentions_topic,EHS Topic - Training and Forms
Restricted-Spaces.pdf,converted_to,PDF - Restricted-Spaces
PDF - Safe-Work-Practices-Aerosol-Risk-Reduction-RG2-Biological-Agents,mentions_topic,EHS Topic - Biosafety
PDF - Safe-Work-Practices-Aerosol-Risk-Reduction-RG2-Biological-Agents,mentions_topic,EHS Topic - PPE
PDF - Safe-Work-Practices-Aerosol-Risk-Reduction-RG2-Biological-Agents,mentions_topic,EHS Topic - Laboratory Operations
PDF - Safe-Work-Practices-Aerosol-Risk-Reduction-RG2-Biological-Agents,mentions_topic,EHS Topic - Training and Forms
Safe-Work-Practices-Aerosol-Risk-Reduction-RG2-Biological-Agents.pdf,converted_to,PDF - Safe-Work-Practices-Aerosol-Risk-Reduction-RG2-Biological-Agents
PDF - Safe-Work-Practices-Centrifuge-Use,mentions_topic,EHS Topic - Hazardous Waste
PDF - Safe-Work-Practices-Centrifuge-Use,mentions_topic,EHS Topic - PPE
PDF - Safe-Work-Practices-Centrifuge-Use,mentions_topic,EHS Topic - Laboratory Operations
PDF - Safe-Work-Practices-Centrifuge-Use,mentions_topic,EHS Topic - Training and Forms
Safe-Work-Practices-Centrifuge-Use.pdf,converted_to,PDF - Safe-Work-Practices-Centrifuge-Use
PDF - Safe-Work-Practices-Microtome-Use,mentions_topic,EHS Topic - PPE
PDF - Safe-Work-Practices-Microtome-Use,mentions_topic,EHS Topic - Emergency and Spill Response
PDF - Safe-Work-Practices-Microtome-Use,mentions_topic,EHS Topic - Laboratory Operations
PDF - Safe-Work-Practices-Microtome-Use,mentions_topic,EHS Topic - Training and Forms
Safe-Work-Practices-Microtome-Use.pdf,converted_to,PDF - Safe-Work-Practices-Microtome-Use
PDF - Safe-Work-Practices-Safe-Sharps-Use,mentions_topic,EHS Topic - Biosafety
PDF - Safe-Work-Practices-Safe-Sharps-Use,mentions_topic,EHS Topic - Chemical Safety
PDF - Safe-Work-Practices-Safe-Sharps-Use,mentions_topic,EHS Topic - Hazardous Waste
PDF - Safe-Work-Practices-Safe-Sharps-Use,mentions_topic,EHS Topic - PPE
PDF - Safe-Work-Practices-Safe-Sharps-Use,mentions_topic,EHS Topic - Emergency and Spill Response
PDF - Safe-Work-Practices-Safe-Sharps-Use,mentions_topic,EHS Topic - Laboratory Operations
PDF - Safe-Work-Practices-Safe-Sharps-Use,mentions_topic,EHS Topic - Training and Forms
Safe-Work-Practices-Safe-Sharps-Use.pdf,converted_to,PDF - Safe-Work-Practices-Safe-Sharps-Use
PDF - SARS-CoV-2-Biosafety-Guideline-for-UofT-Labs_v2.0-Sept-4-2020,mentions_topic,EHS Topic - Biosafety
PDF - SARS-CoV-2-Biosafety-Guideline-for-UofT-Labs_v2.0-Sept-4-2020,mentions_topic,EHS Topic - Chemical Safety
PDF - SARS-CoV-2-Biosafety-Guideline-for-UofT-Labs_v2.0-Sept-4-2020,mentions_topic,EHS Topic - Radiation Safety
PDF - SARS-CoV-2-Biosafety-Guideline-for-UofT-Labs_v2.0-Sept-4-2020,mentions_topic,EHS Topic - PPE
PDF - SARS-CoV-2-Biosafety-Guideline-for-UofT-Labs_v2.0-Sept-4-2020,mentions_topic,EHS Topic - Laboratory Operations
PDF - SARS-CoV-2-Biosafety-Guideline-for-UofT-Labs_v2.0-Sept-4-2020,mentions_topic,EHS Topic - Training and Forms
SARS-CoV-2-Biosafety-Guideline-for-UofT-Labs_v2.0-Sept-4-2020.pdf,converted_to,PDF - SARS-CoV-2-Biosafety-Guideline-for-UofT-Labs_v2.0-Sept-4-2020
PDF - Scaffolds,mentions_topic,EHS Topic - Laboratory Operations
PDF - Scaffolds,mentions_topic,EHS Topic - Training and Forms
Scaffolds.pdf,converted_to,PDF - Scaffolds
PDF - scent-free-label-concept_-mar5_2018,mentions_topic,EHS Topic - Laboratory Operations
scent-free-label-concept_-mar5_2018.pdf,converted_to,PDF - scent-free-label-concept_-mar5_2018
PDF - Scent-Policy-Poster,mentions_topic,EHS Topic - Chemical Safety
Scent-Policy-Poster.pdf,converted_to,PDF - Scent-Policy-Poster
PDF - Scentfree-Poster-20180129,mentions_topic,EHS Topic - Chemical Safety
Scentfree-Poster-20180129.pdf,converted_to,PDF - Scentfree-Poster-20180129
PDF - Semicarbazide-procedure-for-use-Updated,mentions_topic,EHS Topic - Biosafety
PDF - Semicarbazide-procedure-for-use-Updated,mentions_topic,EHS Topic - Chemical Safety
PDF - Semicarbazide-procedure-for-use-Updated,mentions_topic,EHS Topic - Hazardous Waste
PDF - Semicarbazide-procedure-for-use-Updated,mentions_topic,EHS Topic - PPE
PDF - Semicarbazide-procedure-for-use-Updated,mentions_topic,EHS Topic - Emergency and Spill Response
PDF - Semicarbazide-procedure-for-use-Updated,mentions_topic,EHS Topic - Laboratory Operations
PDF - Semicarbazide-procedure-for-use-Updated,mentions_topic,EHS Topic - Training and Forms
Semicarbazide-procedure-for-use-Updated.pdf,converted_to,PDF - Semicarbazide-procedure-for-use-Updated
PDF - Shared-and-Unassigned-Workstations-Etiquette-Tipsheet_Final,mentions_topic,EHS Topic - Hazardous Waste
PDF - Shared-and-Unassigned-Workstations-Etiquette-Tipsheet_Final,mentions_topic,EHS Topic - Occupational Hygiene
PDF - Shared-and-Unassigned-Workstations-Etiquette-Tipsheet_Final,mentions_topic,EHS Topic - Laboratory Operations
PDF - Shared-and-Unassigned-Workstations-Etiquette-Tipsheet_Final,mentions_topic,EHS Topic - Training and Forms
Shared-and-Unassigned-Workstations-Etiquette-Tipsheet_Final.pdf,converted_to,PDF - Shared-and-Unassigned-Workstations-Etiquette-Tipsheet_Final
PDF - Sit-Stand-Guidance-Sheet,mentions_topic,EHS Topic - PPE
PDF - Sit-Stand-Guidance-Sheet,mentions_topic,EHS Topic - Occupational Hygiene
PDF - Sit-Stand-Guidance-Sheet,mentions_topic,EHS Topic - Laboratory Operations
PDF - Sit-Stand-Guidance-Sheet,mentions_topic,EHS Topic - Training and Forms
Sit-Stand-Guidance-Sheet.pdf,converted_to,PDF - Sit-Stand-Guidance-Sheet
PDF - Soldering-Guidelines-20181206,mentions_topic,EHS Topic - Chemical Safety
PDF - Soldering-Guidelines-20181206,mentions_topic,EHS Topic - Hazardous Waste
PDF - Soldering-Guidelines-20181206,mentions_topic,EHS Topic - PPE
PDF - Soldering-Guidelines-20181206,mentions_topic,EHS Topic - Laboratory Operations
Soldering-Guidelines-20181206.pdf,converted_to,PDF - Soldering-Guidelines-20181206
PDF - SOPSummary-20180208,mentions_topic,EHS Topic - Occupational Hygiene
PDF - SOPSummary-20180208,mentions_topic,EHS Topic - Laboratory Operations
SOPSummary-20180208.pdf,converted_to,PDF - SOPSummary-20180208
PDF - Specific-work-training-form,mentions_topic,EHS Topic - Chemical Safety
PDF - Specific-work-training-form,mentions_topic,EHS Topic - Radiation Safety
PDF - Specific-work-training-form,mentions_topic,EHS Topic - Emergency and Spill Response
PDF - Specific-work-training-form,mentions_topic,EHS Topic - Laboratory Operations
PDF - Specific-work-training-form,mentions_topic,EHS Topic - Training and Forms
Specific-work-training-form.pdf,converted_to,PDF - Specific-work-training-form
PDF - Standard-for-Inert-Cryogenic-Liquid-Usage-in-the-Laboratory-Updated,mentions_topic,EHS Topic - PPE
PDF - Standard-for-Inert-Cryogenic-Liquid-Usage-in-the-Laboratory-Updated,mentions_topic,EHS Topic - Emergency and Spill Response
PDF - Standard-for-Inert-Cryogenic-Liquid-Usage-in-the-Laboratory-Updated,mentions_topic,EHS Topic - Laboratory Operations
PDF - Standard-for-Inert-Cryogenic-Liquid-Usage-in-the-Laboratory-Updated,mentions_topic,EHS Topic - Training and Forms
Standard-for-Inert-Cryogenic-Liquid-Usage-in-the-Laboratory-Updated.pdf,converted_to,PDF - Standard-for-Inert-Cryogenic-Liquid-Usage-in-the-Laboratory-Updated
PDF - Storage-Cabinets-Updated,mentions_topic,EHS Topic - Chemical Safety
PDF - Storage-Cabinets-Updated,mentions_topic,EHS Topic - Emergency and Spill Response
PDF - Storage-Cabinets-Updated,mentions_topic,EHS Topic - Laboratory Operations
PDF - Storage-Cabinets-Updated,mentions_topic,EHS Topic - Training and Forms
Storage-Cabinets-Updated.pdf,converted_to,PDF - Storage-Cabinets-Updated
PDF - Storage-Rooms-Updated,mentions_topic,EHS Topic - PPE
PDF - Storage-Rooms-Updated,mentions_topic,EHS Topic - Emergency and Spill Response
PDF - Storage-Rooms-Updated,mentions_topic,EHS Topic - Laboratory Operations
PDF - Storage-Rooms-Updated,mentions_topic,EHS Topic - Training and Forms
Storage-Rooms-Updated.pdf,converted_to,PDF - Storage-Rooms-Updated
PDF - Supervisor-Due-Diligence-checklist-20190725-FINAL,mentions_topic,EHS Topic - Emergency and Spill Response
PDF - Supervisor-Due-Diligence-checklist-20190725-FINAL,mentions_topic,EHS Topic - Laboratory Operations
PDF - Supervisor-Due-Diligence-checklist-20190725-FINAL,mentions_topic,EHS Topic - Training and Forms
Supervisor-Due-Diligence-checklist-20190725-FINAL.pdf,converted_to,PDF - Supervisor-Due-Diligence-checklist-20190725-FINAL
PDF - Supervisor-Toolkit-20190729-FINAL,mentions_topic,EHS Topic - Emergency and Spill Response
PDF - Supervisor-Toolkit-20190729-FINAL,mentions_topic,EHS Topic - Laboratory Operations
PDF - Supervisor-Toolkit-20190729-FINAL,mentions_topic,EHS Topic - Training and Forms
Supervisor-Toolkit-20190729-FINAL.pdf,converted_to,PDF - Supervisor-Toolkit-20190729-FINAL
PDF - Suspect-Materials-Checklist,mentions_topic,EHS Topic - Occupational Hygiene
PDF - Suspect-Materials-Checklist,mentions_topic,EHS Topic - Training and Forms
Suspect-Materials-Checklist.pdf,converted_to,PDF - Suspect-Materials-Checklist
PDF - Temozolomide-procedure-for-use-Updated,mentions_topic,EHS Topic - Biosafety
PDF - Temozolomide-procedure-for-use-Updated,mentions_topic,EHS Topic - Chemical Safety
PDF - Temozolomide-procedure-for-use-Updated,mentions_topic,EHS Topic - PPE
PDF - Temozolomide-procedure-for-use-Updated,mentions_topic,EHS Topic - Emergency and Spill Response
PDF - Temozolomide-procedure-for-use-Updated,mentions_topic,EHS Topic - Laboratory Operations
PDF - Temozolomide-procedure-for-use-Updated,mentions_topic,EHS Topic - Training and Forms
Temozolomide-procedure-for-use-Updated.pdf,converted_to,PDF - Temozolomide-procedure-for-use-Updated
PDF - Type-3-Asbestos-Abatement-Information,mentions_topic,EHS Topic - Occupational Hygiene
PDF - Type-3-Asbestos-Abatement-Information,mentions_topic,EHS Topic - Laboratory Operations
PDF - Type-3-Asbestos-Abatement-Information,mentions_topic,EHS Topic - Training and Forms
Type-3-Asbestos-Abatement-Information.pdf,converted_to,PDF - Type-3-Asbestos-Abatement-Information
PDF - U-of-T-Workplace-Violence-Program,mentions_topic,EHS Topic - Emergency and Spill Response
PDF - U-of-T-Workplace-Violence-Program,mentions_topic,EHS Topic - Training and Forms
U-of-T-Workplace-Violence-Program.pdf,converted_to,PDF - U-of-T-Workplace-Violence-Program
PDF - Understanding-Radiation,mentions_topic,EHS Topic - Radiation Safety
PDF - Understanding-Radiation,mentions_topic,EHS Topic - Laboratory Operations
PDF - Understanding-Radiation,mentions_topic,EHS Topic - Training and Forms
Understanding-Radiation.pdf,converted_to,PDF - Understanding-Radiation
PDF - University-of-Toronto-Electrical-Safety-Program,mentions_topic,EHS Topic - Laboratory Operations
University-of-Toronto-Electrical-Safety-Program.pdf,converted_to,PDF - University-of-Toronto-Electrical-Safety-Program
PDF - University-of-Toronto-Firearms-in-Research-Guidelines,mentions_topic,EHS Topic - Emergency and Spill Response
PDF - University-of-Toronto-Firearms-in-Research-Guidelines,mentions_topic,EHS Topic - Laboratory Operations
PDF - University-of-Toronto-Firearms-in-Research-Guidelines,mentions_topic,EHS Topic - Training and Forms
University-of-Toronto-Firearms-in-Research-Guidelines.pdf,converted_to,PDF - University-of-Toronto-Firearms-in-Research-Guidelines
PDF - University-of-Toronto-Office-Ergonomics-Standard,mentions_topic,EHS Topic - PPE
PDF - University-of-Toronto-Office-Ergonomics-Standard,mentions_topic,EHS Topic - Occupational Hygiene
PDF - University-of-Toronto-Office-Ergonomics-Standard,mentions_topic,EHS Topic - Laboratory Operations
PDF - University-of-Toronto-Office-Ergonomics-Standard,mentions_topic,EHS Topic - Training and Forms
University-of-Toronto-Office-Ergonomics-Standard.pdf,converted_to,PDF - University-of-Toronto-Office-Ergonomics-Standard
PDF - UofT-Workplace-Label-Template,mentions_topic,EHS Topic - Chemical Safety
PDF - UofT-Workplace-Label-Template,mentions_topic,EHS Topic - PPE
PDF - UofT-Workplace-Label-Template,mentions_topic,EHS Topic - Laboratory Operations
UofT-Workplace-Label-Template.pdf,converted_to,PDF - UofT-Workplace-Label-Template
PDF - UofT_2017-18SustainabilityYB_Download-1-1,mentions_topic,EHS Topic - Hazardous Waste
PDF - UofT_2017-18SustainabilityYB_Download-1-1,mentions_topic,EHS Topic - Training and Forms
UofT_2017-18SustainabilityYB_Download-1-1.pdf,converted_to,PDF - UofT_2017-18SustainabilityYB_Download-1-1
PDF - UofTStudentPlacementChecklist,mentions_topic,EHS Topic - Emergency and Spill Response
PDF - UofTStudentPlacementChecklist,mentions_topic,EHS Topic - Laboratory Operations
PDF - UofTStudentPlacementChecklist,mentions_topic,EHS Topic - Training and Forms
UofTStudentPlacementChecklist.pdf,converted_to,PDF - UofTStudentPlacementChecklist
PDF - Users-list,mentions_topic,EHS Topic - Radiation Safety
PDF - Users-list,mentions_topic,EHS Topic - Laser Safety
PDF - Users-list,mentions_topic,EHS Topic - Training and Forms
Users-list.pdf,converted_to,PDF - Users-list
PDF - UTSC-Biological-Waste-Procedures,mentions_topic,EHS Topic - Biosafety
PDF - UTSC-Biological-Waste-Procedures,mentions_topic,EHS Topic - Chemical Safety
PDF - UTSC-Biological-Waste-Procedures,mentions_topic,EHS Topic - Hazardous Waste
PDF - UTSC-Biological-Waste-Procedures,mentions_topic,EHS Topic - PPE
PDF - UTSC-Biological-Waste-Procedures,mentions_topic,EHS Topic - Laboratory Operations
UTSC-Biological-Waste-Procedures.pdf,converted_to,PDF - UTSC-Biological-Waste-Procedures
PDF - w130,mentions_topic,EHS Topic - Hazardous Waste
PDF - w130,mentions_topic,EHS Topic - Occupational Hygiene
PDF - w130,mentions_topic,EHS Topic - Laboratory Operations
PDF - w130,mentions_topic,EHS Topic - Training and Forms
w130.pdf,converted_to,PDF - w130
PDF - Welding-Guidelines-20180225,mentions_topic,EHS Topic - Chemical Safety
PDF - Welding-Guidelines-20180225,mentions_topic,EHS Topic - Radiation Safety
PDF - Welding-Guidelines-20180225,mentions_topic,EHS Topic - Occupational Hygiene
PDF - Welding-Guidelines-20180225,mentions_topic,EHS Topic - Training and Forms
Welding-Guidelines-20180225.pdf,converted_to,PDF - Welding-Guidelines-20180225
PDF - WHMIS1988_symbols-signaux-eng,mentions_topic,EHS Topic - Chemical Safety
PDF - WHMIS1988_symbols-signaux-eng,mentions_topic,EHS Topic - Hazardous Waste
PDF - WHMIS1988_symbols-signaux-eng,mentions_topic,EHS Topic - Training and Forms
WHMIS1988_symbols-signaux-eng.pdf,converted_to,PDF - WHMIS1988_symbols-signaux-eng
PDF - WHMIS2015_FactSheets,mentions_topic,EHS Topic - Chemical Safety
PDF - WHMIS2015_FactSheets,mentions_topic,EHS Topic - Hazardous Waste
PDF - WHMIS2015_FactSheets,mentions_topic,EHS Topic - Laboratory Operations
PDF - WHMIS2015_FactSheets,mentions_topic,EHS Topic - Training and Forms
WHMIS2015_FactSheets.pdf,converted_to,PDF - WHMIS2015_FactSheets
PDF - WHMIS2015_labelElements,mentions_topic,EHS Topic - Chemical Safety
PDF - WHMIS2015_labelElements,mentions_topic,EHS Topic - PPE
PDF - WHMIS2015_labelElements,mentions_topic,EHS Topic - Emergency and Spill Response
PDF - WHMIS2015_labelElements,mentions_topic,EHS Topic - Laboratory Operations
PDF - WHMIS2015_labelElements,mentions_topic,EHS Topic - Training and Forms
WHMIS2015_labelElements.pdf,converted_to,PDF - WHMIS2015_labelElements
PDF - WHMIS2015_Refresher_StandardQuiz,mentions_topic,EHS Topic - Chemical Safety
PDF - WHMIS2015_Refresher_StandardQuiz,mentions_topic,EHS Topic - Hazardous Waste
PDF - WHMIS2015_Refresher_StandardQuiz,mentions_topic,EHS Topic - PPE
PDF - WHMIS2015_Refresher_StandardQuiz,mentions_topic,EHS Topic - Emergency and Spill Response
PDF - WHMIS2015_Refresher_StandardQuiz,mentions_topic,EHS Topic - Laboratory Operations
PDF - WHMIS2015_Refresher_StandardQuiz,mentions_topic,EHS Topic - Training and Forms
WHMIS2015_Refresher_StandardQuiz.pdf,converted_to,PDF - WHMIS2015_Refresher_StandardQuiz
PDF - WHMIS2015_Refresher_StandardQuiz_-ANSWER-KEY,mentions_topic,EHS Topic - Chemical Safety
PDF - WHMIS2015_Refresher_StandardQuiz_-ANSWER-KEY,mentions_topic,EHS Topic - Hazardous Waste
PDF - WHMIS2015_Refresher_StandardQuiz_-ANSWER-KEY,mentions_topic,EHS Topic - PPE
PDF - WHMIS2015_Refresher_StandardQuiz_-ANSWER-KEY,mentions_topic,EHS Topic - Emergency and Spill Response
PDF - WHMIS2015_Refresher_StandardQuiz_-ANSWER-KEY,mentions_topic,EHS Topic - Laboratory Operations
PDF - WHMIS2015_Refresher_StandardQuiz_-ANSWER-KEY,mentions_topic,EHS Topic - Training and Forms
WHMIS2015_Refresher_StandardQuiz_-ANSWER-KEY.pdf,converted_to,PDF - WHMIS2015_Refresher_StandardQuiz_-ANSWER-KEY
PDF - WHMIS2015_Refresher_WorkAreaExercise,mentions_topic,EHS Topic - Chemical Safety
PDF - WHMIS2015_Refresher_WorkAreaExercise,mentions_topic,EHS Topic - Hazardous Waste
PDF - WHMIS2015_Refresher_WorkAreaExercise,mentions_topic,EHS Topic - PPE
PDF - WHMIS2015_Refresher_WorkAreaExercise,mentions_topic,EHS Topic - Emergency and Spill Response
PDF - WHMIS2015_Refresher_WorkAreaExercise,mentions_topic,EHS Topic - Laboratory Operations
PDF - WHMIS2015_Refresher_WorkAreaExercise,mentions_topic,EHS Topic - Training and Forms
WHMIS2015_Refresher_WorkAreaExercise.pdf,converted_to,PDF - WHMIS2015_Refresher_WorkAreaExercise
PDF - WHMIS_2015_pictograms,mentions_topic,EHS Topic - Chemical Safety
PDF - WHMIS_2015_pictograms,mentions_topic,EHS Topic - Hazardous Waste
PDF - WHMIS_2015_pictograms,mentions_topic,EHS Topic - PPE
PDF - WHMIS_2015_pictograms,mentions_topic,EHS Topic - Training and Forms
WHMIS_2015_pictograms.pdf,converted_to,PDF - WHMIS_2015_pictograms
PDF - Window-Cleaning,mentions_topic,EHS Topic - PPE
PDF - Window-Cleaning,mentions_topic,EHS Topic - Laboratory Operations
PDF - Window-Cleaning,mentions_topic,EHS Topic - Training and Forms
Window-Cleaning.pdf,converted_to,PDF - Window-Cleaning
PDF - WorkFromHomeChecklist_Final_2021Aug13,mentions_topic,EHS Topic - Occupational Hygiene
PDF - WorkFromHomeChecklist_Final_2021Aug13,mentions_topic,EHS Topic - Emergency and Spill Response
PDF - WorkFromHomeChecklist_Final_2021Aug13,mentions_topic,EHS Topic - Laboratory Operations
PDF - WorkFromHomeChecklist_Final_2021Aug13,mentions_topic,EHS Topic - Training and Forms
WorkFromHomeChecklist_Final_2021Aug13.pdf,converted_to,PDF - WorkFromHomeChecklist_Final_2021Aug13
PDF - Working-Alone-Guidelines,mentions_topic,EHS Topic - PPE
PDF - Working-Alone-Guidelines,mentions_topic,EHS Topic - Emergency and Spill Response
PDF - Working-Alone-Guidelines,mentions_topic,EHS Topic - Laboratory Operations
PDF - Working-Alone-Guidelines,mentions_topic,EHS Topic - Training and Forms
Working-Alone-Guidelines.pdf,converted_to,PDF - Working-Alone-Guidelines
PDF - Working-in-Dishwashing-Areas,mentions_topic,EHS Topic - Chemical Safety
PDF - Working-in-Dishwashing-Areas,mentions_topic,EHS Topic - Hazardous Waste
PDF - Working-in-Dishwashing-Areas,mentions_topic,EHS Topic - PPE
PDF - Working-in-Dishwashing-Areas,mentions_topic,EHS Topic - Emergency and Spill Response
PDF - Working-in-Dishwashing-Areas,mentions_topic,EHS Topic - Laboratory Operations
PDF - Working-in-Dishwashing-Areas,mentions_topic,EHS Topic - Training and Forms
Working-in-Dishwashing-Areas.pdf,converted_to,PDF - Working-in-Dishwashing-Areas
PDF - Working-in-Service-and-Pickup-Areas,mentions_topic,EHS Topic - Hazardous Waste
PDF - Working-in-Service-and-Pickup-Areas,mentions_topic,EHS Topic - PPE
PDF - Working-in-Service-and-Pickup-Areas,mentions_topic,EHS Topic - Emergency and Spill Response
Working-in-Service-and-Pickup-Areas.pdf,converted_to,PDF - Working-in-Service-and-Pickup-Areas
PDF - Working-with-Chlorpyrifos-and-Chlorpyrifos-treated-animals,mentions_topic,EHS Topic - Chemical Safety
PDF - Working-with-Chlorpyrifos-and-Chlorpyrifos-treated-animals,mentions_topic,EHS Topic - PPE
PDF - Working-with-Chlorpyrifos-and-Chlorpyrifos-treated-animals,mentions_topic,EHS Topic - Emergency and Spill Response
PDF - Working-with-Chlorpyrifos-and-Chlorpyrifos-treated-animals,mentions_topic,EHS Topic - Laboratory Operations
Working-with-Chlorpyrifos-and-Chlorpyrifos-treated-animals.pdf,converted_to,PDF - Working-with-Chlorpyrifos-and-Chlorpyrifos-treated-animals
PDF - WorkingElevatedHeights20160318,mentions_topic,EHS Topic - Chemical Safety
PDF - WorkingElevatedHeights20160318,mentions_topic,EHS Topic - PPE
PDF - WorkingElevatedHeights20160318,mentions_topic,EHS Topic - Laboratory Operations
PDF - WorkingElevatedHeights20160318,mentions_topic,EHS Topic - Training and Forms
WorkingElevatedHeights20160318.pdf,converted_to,PDF - WorkingElevatedHeights20160318
PDF - Workplace-Violence-Prevention-Program-2024,mentions_topic,EHS Topic - Emergency and Spill Response
PDF - Workplace-Violence-Prevention-Program-2024,mentions_topic,EHS Topic - Training and Forms
Workplace-Violence-Prevention-Program-2024.pdf,converted_to,PDF - Workplace-Violence-Prevention-Program-2024
PDF - WorkSafelySharpBladesEdgesOffice_Poster,mentions_topic,EHS Topic - PPE
PDF - WorkSafelySharpBladesEdgesOffice_Poster,mentions_topic,EHS Topic - Laboratory Operations
WorkSafelySharpBladesEdgesOffice_Poster.pdf,converted_to,PDF - WorkSafelySharpBladesEdgesOffice_Poster
PDF - X-ray-Device-Registration-Form,mentions_topic,EHS Topic - Radiation Safety
PDF - X-ray-Device-Registration-Form,mentions_topic,EHS Topic - Laboratory Operations
PDF - X-ray-Device-Registration-Form,mentions_topic,EHS Topic - Training and Forms
X-ray-Device-Registration-Form.pdf,converted_to,PDF - X-ray-Device-Registration-Form
PDF - X-ray-Permit-Application-Form-April-2025,mentions_topic,EHS Topic - Biosafety
PDF - X-ray-Permit-Application-Form-April-2025,mentions_topic,EHS Topic - Chemical Safety
PDF - X-ray-Permit-Application-Form-April-2025,mentions_topic,EHS Topic - Radiation Safety
PDF - X-ray-Permit-Application-Form-April-2025,mentions_topic,EHS Topic - Laboratory Operations
PDF - X-ray-Permit-Application-Form-April-2025,mentions_topic,EHS Topic - Training and Forms
X-ray-Permit-Application-Form-April-2025.pdf,converted_to,PDF - X-ray-Permit-Application-Form-April-2025
PDF - X-ray-Safety-Program-Manual-April-2026,mentions_topic,EHS Topic - Radiation Safety
PDF - X-ray-Safety-Program-Manual-April-2026,mentions_topic,EHS Topic - Emergency and Spill Response
PDF - X-ray-Safety-Program-Manual-April-2026,mentions_topic,EHS Topic - Training and Forms
X-ray-Safety-Program-Manual-April-2026.pdf,converted_to,PDF - X-ray-Safety-Program-Manual-April-2026
PDF - Youth-in-Labs-Guidelines.pd-Updated,mentions_topic,EHS Topic - Chemical Safety
PDF - Youth-in-Labs-Guidelines.pd-Updated,mentions_topic,EHS Topic - Hazardous Waste
PDF - Youth-in-Labs-Guidelines.pd-Updated,mentions_topic,EHS Topic - Radiation Safety
PDF - Youth-in-Labs-Guidelines.pd-Updated,mentions_topic,EHS Topic - Laser Safety
PDF - Youth-in-Labs-Guidelines.pd-Updated,mentions_topic,EHS Topic - PPE
PDF - Youth-in-Labs-Guidelines.pd-Updated,mentions_topic,EHS Topic - Laboratory Operations
PDF - Youth-in-Labs-Guidelines.pd-Updated,mentions_topic,EHS Topic - Training and Forms
Youth-in-Labs-Guidelines.pd-Updated.pdf,converted_to,PDF - Youth-in-Labs-Guidelines.pd-Updated
